player_id,votes,era,strikeouts,era_plus,fip,whip,bb_per_nine,strikeouts_per_nine,wins,losses,innings,er,baa,ops,strkpct,bbpct,wpa,bors,slg,obp,babip
BronsonArroyo2010,1.0,3.88,121,105,4.61,1.145,2.5,5.0,17,10,215.2,93,.234,.679,13.8,6.7,1.2,11.4,.389,.289,.241
ScottBaker2010,0.0,4.49,148,91,3.96,1.344,2.3,7.8,12,9,170.1,85,.277,.793,20.4,5.9,0.1,-3.0,.468,.325,.323
BradBergesen2010,0.0,4.98,81,83,5.14,1.435,2.7,4.3,8,12,170.0,94,.285,.828,10.9,6.8,-0.7,-22.0,.490,.339,.290
ChadBillingsley2010,0.0,3.57,171,109,3.07,1.278,3.2,8.0,12,11,191.2,76,.244,.668,20.9,8.5,2.0,13.5,.353,.315,.304
JoeBlanton2010,0.0,4.82,134,85,4.34,1.417,2.2,6.9,9,6,175.2,94,.291,.796,17.5,5.6,-0.9,-15.8,.464,.332,.324
JeremyBonderman2010,0.0,5.53,112,76,4.90,1.444,3.2,5.9,8,10,171.0,105,.277,.790,14.9,8.0,-1.9,-22.6,.448,.342,.298
DallasBraden2010,0.0,3.50,113,117,3.80,1.157,2.0,5.3,11,14,192.2,75,.249,.668,14.5,5.5,0.6,15.7,.373,.294,.273
ClayBuchholz2010,20.0,2.33,120,187,3.61,1.203,3.5,6.2,17,7,173.2,45,.226,.615,16.9,9.4,3.0,33.3,.312,.303,.263
MarkBuehrle2010,0.0,4.28,99,100,3.90,1.403,2.1,4.2,13,13,210.1,100,.295,.751,11.0,5.5,-0.4,2.4,.418,.332,.316
AJBurnett2010,0.0,5.26,145,82,4.83,1.511,3.8,7.0,10,15,186.2,109,.285,.824,17.5,9.4,-2.0,-21.8,.457,.366,.323
DaveBush2010,0.0,4.54,107,89,5.13,1.509,3.4,5.5,8,13,174.1,88,.286,.826,13.7,8.3,-2.0,-23.2,.481,.346,.299
TrevorCahill2010,4.0,2.97,118,138,4.19,1.108,2.9,5.4,18,8,196.2,65,.220,.619,15.1,8.1,2.1,24.9,.332,.287,.237
MattCain2010,1.0,3.14,177,124,3.65,1.084,2.5,7.1,13,11,223.1,78,.221,.646,19.8,6.8,3.0,26.7,.369,.276,.254
ChrisCarpenter2010,0.0,3.22,179,120,3.69,1.179,2.4,6.9,16,9,235.0,84,.244,.680,18.5,6.5,1.0,15.0,.377,.302,.282
BrettCecil2010,0.0,4.22,117,99,4.03,1.326,2.8,6.1,15,7,172.2,81,.264,.733,16.1,7.4,1.0,-0.3,.416,.317,.293
JohnnyCueto2010,0.0,3.64,138,112,3.97,1.276,2.7,6.7,12,7,185.2,75,.257,.727,17.7,7.2,0.6,11.2,.408,.319,.295
JohnDanks2010,0.0,3.72,162,115,3.70,1.216,3.0,6.8,15,11,213.0,88,.237,.657,18.5,8.0,1.4,16.4,.355,.301,.276
KyleDavies2010,0.0,5.34,126,78,4.46,1.557,3.9,6.2,8,12,183.2,109,.283,.793,15.4,9.8,-2.2,-23.0,.439,.354,.317
WadeDavis2010,0.0,4.07,113,96,4.79,1.351,3.3,6.1,12,10,168.0,76,.255,.756,15.7,8.6,0.0,6.9,.433,.323,.274
RyanDempster2010,0.0,3.85,208,110,3.99,1.319,3.6,8.7,15,12,215.1,92,.244,.712,22.7,9.4,0.8,2.5,.388,.323,.298
RADickey2010,0.0,2.84,104,138,3.65,1.187,2.2,5.4,11,9,174.1,55,.251,.660,14.6,5.9,1.4,21.8,.361,.299,.280
DougFister2010,0.0,4.11,93,96,3.65,1.281,1.7,4.9,6,14,171.0,78,.277,.698,12.9,4.4,-0.6,-2.4,.385,.313,.303
GavinFloyd2010,0.0,4.08,151,105,3.46,1.372,2.8,7.3,10,13,187.1,85,.274,.719,18.9,7.3,0.5,2.9,.388,.331,.327
YovaniGallardo2010,0.0,3.84,200,105,3.02,1.368,3.6,9.7,14,7,185.0,79,.251,.693,24.9,9.3,1.2,3.6,.370,.324,.331
JaimeGarcia2010,0.0,2.70,132,143,3.41,1.316,3.5,7.3,13,8,163.1,49,.243,.638,19.0,9.2,1.6,14.0,.323,.315,.293
JonGarland2010,0.0,3.47,136,106,4.41,1.315,3.9,6.1,14,12,200.0,77,.240,.694,16.3,10.4,0.7,6.6,.371,.323,.268
MattGarza2010,0.0,3.91,150,100,4.42,1.251,2.8,6.6,15,10,204.2,89,.248,.728,17.5,7.4,0.5,7.3,.420,.308,.273
GioGonzalez2010,0.0,3.23,171,127,3.78,1.311,4.1,7.7,15,9,200.2,72,.229,.644,20.1,10.8,2.9,25.7,.329,.316,.277
ZackGreinke2010,0.0,4.17,181,100,3.34,1.245,2.3,7.4,10,14,220.0,102,.260,.696,19.7,6.0,0.5,-5.3,.388,.308,.309
JeremyGuthrie2010,0.0,3.83,119,108,4.44,1.161,2.1,5.1,11,14,209.1,89,.243,.714,13.7,5.7,0.3,10.7,.416,.298,.255
RoyHalladay2010,224.0,2.44,219,167,3.01,1.041,1.1,7.9,21,10,250.2,68,.245,.645,22.1,3.0,5.1,50.3,.373,.271,.294
ColeHamels2010,0.0,3.06,211,133,3.67,1.179,2.6,9.1,12,11,208.2,71,.237,.693,24.7,7.1,2.5,27.8,.394,.299,.293
JasonHammel2010,0.0,4.81,141,96,3.70,1.396,2.4,7.1,10,9,177.2,95,.287,.755,18.3,6.1,0.2,-2.3,.420,.335,.335
TommyHanson2010,0.0,3.33,173,117,3.31,1.174,2.5,7.7,10,11,202.2,75,.239,.648,20.5,6.6,1.1,10.2,.347,.301,.290
DanHaren2010,0.0,3.91,216,106,3.71,1.272,2.1,8.3,12,12,235.0,102,.267,.736,21.7,5.4,1.2,6.7,.429,.308,.314
FelixHernandez2010,167.0,2.27,232,174,3.04,1.057,2.5,8.4,13,12,249.2,63,.212,.585,23.2,7.0,4.8,42.2,.312,.273,.265
Liv치nHern치ndez2010,0.0,3.66,114,110,3.95,1.323,2.7,4.8,10,12,211.2,86,.270,.716,12.7,7.1,0.5,7.2,.393,.323,.294
RobertoHernandez2010,0.0,3.77,124,105,4.11,1.307,3.1,5.3,13,14,210.1,88,.258,.703,14.1,8.2,0.3,1.4,.380,.323,.284
TimHudson2010,39.0,2.83,139,138,4.09,1.150,2.9,5.5,17,9,228.2,72,.229,.641,15.1,8.0,3.7,40.2,.343,.299,.253
PhilHughes2010,0.0,4.19,146,103,4.25,1.248,3.0,7.5,18,8,176.1,82,.244,.702,20.0,8.0,1.2,6.6,.400,.302,.275
EdwinJackson2010,0.0,4.47,181,95,3.86,1.395,3.4,7.8,10,12,209.1,104,.265,.735,20.1,8.7,-0.1,-4.2,.402,.333,.316
UbaldoJimenez2010,90.0,2.88,214,161,3.10,1.155,3.7,8.7,19,8,221.2,71,.209,.610,23.9,10.3,4.0,42.4,.311,.299,.274
JoshJohnson2010,34.0,2.30,186,180,2.41,1.105,2.4,9.1,11,6,183.2,47,.229,.607,25.0,6.5,3.6,38.8,.325,.282,.301
KyleKendrick2010,0.0,4.73,84,86,4.88,1.373,2.4,4.2,11,10,180.2,95,.283,.807,10.9,6.4,-1.4,-11.7,.477,.329,.288
IanKennedy2010,0.0,3.80,168,111,4.33,1.201,3.2,7.8,9,10,194.0,82,.228,.696,20.7,8.6,1.0,13.8,.392,.304,.261
ClaytonKershaw2010,0.0,2.91,212,133,3.12,1.179,3.6,9.3,13,10,204.1,66,.214,.615,25.0,9.6,3.5,25.8,.320,.295,.279
HirokiKuroda2010,0.0,3.39,159,114,3.26,1.161,2.2,7.3,11,13,196.1,74,.243,.642,19.6,5.9,0.8,11.3,.351,.291,.287
JohnLackey2010,0.0,4.40,156,99,3.85,1.419,3.0,6.5,14,11,215.0,105,.277,.765,16.8,7.7,-0.6,-1.9,.426,.339,.320
MatLatos2010,4.0,2.92,189,126,3.00,1.083,2.4,9.2,14,10,184.2,60,.217,.601,25.3,6.7,3.2,23.9,.330,.272,.275
CliffLee2010,6.0,3.18,185,133,2.58,1.003,0.8,7.8,12,9,212.1,75,.240,.618,22.0,2.1,2.2,22.1,.363,.255,.290
JonLester2010,33.0,3.25,225,134,3.13,1.202,3.6,9.7,19,9,208.0,75,.220,.628,26.1,9.6,2.8,20.9,.325,.303,.291
ColbyLewis2010,0.0,3.72,196,121,3.55,1.189,2.9,8.8,12,13,201.0,83,.227,.660,23.2,7.7,1.3,14.8,.369,.292,.277
TedLilly2010,0.0,3.62,166,113,4.27,1.079,2.0,7.7,10,12,193.2,78,.229,.698,21.2,5.6,1.9,12.0,.421,.278,.254
TimLincecum2010,2.0,3.43,231,114,3.15,1.272,3.2,9.8,16,10,212.1,81,.242,.674,25.8,8.5,2.5,18.3,.364,.310,.315
FranciscoLiriano2010,1.0,3.62,201,112,2.66,1.263,2.7,9.4,14,10,191.2,77,.252,.670,24.9,7.2,1.3,15.0,.355,.315,.335
RodrigoLopez2010,0.0,5.00,116,85,5.21,1.415,2.5,5.2,7,16,200.0,111,.286,.833,13.3,6.4,-3.2,-26.3,.500,.333,.293
DerekLowe2010,0.0,4.00,136,98,3.89,1.368,2.8,6.3,16,12,193.2,86,.273,.728,16.5,7.4,0.6,3.1,.398,.330,.313
PaulMaholm2010,0.0,5.10,102,79,4.18,1.565,3.0,5.0,9,15,185.1,105,.303,.812,12.1,7.4,-1.3,-28.1,.452,.360,.332
ShaunMarcum2010,0.0,3.64,165,115,3.74,1.147,2.0,7.6,13,8,195.1,79,.242,.691,20.6,5.4,1.5,13.0,.403,.288,.280
JustinMasterson2010,0.0,4.70,140,84,3.93,1.500,3.7,7.0,6,13,180.0,94,.278,.738,17.5,9.1,-2.1,-18.2,.385,.353,.327
BrianMatusz2010,0.0,4.30,143,96,4.05,1.343,3.2,7.3,10,12,175.2,84,.255,.718,18.8,8.3,0.6,3.2,.395,.322,.295
KevinMillwood2010,0.0,5.10,132,81,4.86,1.510,3.1,6.2,4,16,190.2,108,.292,.813,15.7,7.7,-3.2,-25.6,.461,.352,.320
BrettMyers2010,2.0,3.14,180,126,3.56,1.243,2.7,7.2,14,8,223.2,78,.248,.683,19.2,7.1,1.6,18.8,.379,.303,.292
ChrisNarveson2010,0.0,4.99,137,81,4.22,1.378,3.2,7.4,12,9,167.2,93,.266,.761,18.9,8.2,-1.0,-10.1,.431,.330,.306
JeffNiemann2010,0.0,4.39,131,89,4.61,1.262,3.1,6.8,12,8,174.1,85,.242,.724,17.9,8.3,-0.2,-0.6,.412,.312,.266
JonNiese2010,0.0,4.20,148,93,4.10,1.463,3.2,7.7,9,10,173.2,81,.280,.783,19.2,8.1,-0.7,-11.2,.437,.346,.330
RoyOswalt2010,14.0,2.76,193,145,3.27,1.025,2.3,8.2,13,13,211.2,65,.213,.614,23.1,6.6,3.7,33.7,.346,.268,.258
CarlPavano2010,0.0,3.75,117,109,4.02,1.195,1.5,4.8,17,11,221.0,92,.266,.717,12.9,4.1,0.6,13.2,.417,.300,.283
MikePelfrey2010,0.0,3.66,113,107,3.82,1.377,3.0,5.0,15,9,204.0,83,.275,.735,13.0,7.8,2.0,11.1,.398,.337,.308
RickPorcello2010,0.0,4.92,84,85,4.31,1.389,2.1,4.6,10,12,162.2,89,.288,.752,12.0,5.4,-1.5,-15.7,.419,.333,.308
DavidPrice2010,111.0,2.72,188,144,3.42,1.193,3.4,8.1,19,6,208.2,63,.221,.637,21.8,9.2,2.4,29.1,.340,.296,.272
ClaytonRichard2010,0.0,3.75,153,98,3.81,1.408,3.5,6.8,14,9,201.2,84,.267,.718,17.8,9.1,0.7,7.4,.381,.337,.315
WandyRodriguez2010,0.0,3.60,178,110,3.50,1.287,3.1,8.2,11,12,195.0,78,.250,.700,21.7,8.3,0.2,1.5,.381,.319,.307
RickyRomero2010,0.0,3.73,174,112,3.64,1.290,3.5,7.5,14,9,210.0,87,.242,.673,19.7,9.3,1.6,8.9,.354,.320,.293
CCSabathia2010,102.0,3.18,197,136,3.54,1.191,2.8,7.5,21,7,237.2,84,.239,.656,20.3,7.6,3.3,30.0,.355,.301,.283
AnibalSanchez2010,0.0,3.55,157,117,3.32,1.344,3.2,7.2,13,12,195.0,77,.257,.680,18.7,8.3,0.4,2.4,.356,.325,.312
JonathanSanchez2010,0.0,3.07,205,127,4.00,1.231,4.5,9.5,13,9,193.1,66,.204,.650,25.3,11.8,1.5,18.3,.343,.307,.255
ErvinSantana2010,0.0,3.92,169,102,4.28,1.320,3.0,6.8,17,10,222.2,97,.259,.744,17.7,7.7,2.0,7.5,.420,.324,.292
JohanSantana2010,0.0,2.98,144,131,3.54,1.176,2.5,6.5,11,9,199.0,66,.240,.648,17.6,6.7,3.4,27.0,.356,.292,.276
JoeSaunders2010,0.0,4.47,114,92,4.57,1.456,2.8,5.0,9,17,203.1,101,.291,.801,13.0,7.3,-0.9,-16.6,.457,.344,.311
MaxScherzer2010,0.0,3.50,184,120,3.71,1.247,3.2,8.5,12,11,195.2,76,.244,.700,23.0,8.8,1.5,15.9,.383,.316,.300
JamesShields2010,0.0,5.18,187,75,4.24,1.461,2.3,8.3,13,15,203.1,117,.294,.828,20.8,5.7,-2.2,-28.7,.490,.338,.344
JasonVargas2010,0.0,3.78,116,104,3.95,1.251,2.5,5.4,9,12,192.2,81,.251,.699,14.3,6.7,0.6,10.8,.399,.300,.274
JustinVerlander2010,1.0,3.37,219,124,2.97,1.163,2.8,8.8,18,9,224.1,84,.228,.630,23.7,7.7,1.3,22.5,.339,.291,.289
ChrisVolstad2010,0.0,4.58,102,91,4.34,1.411,3.1,5.2,12,9,175.0,89,.277,.755,13.5,7.9,-1.3,-8.1,.415,.340,.302
AdamWainwright2010,122.0,2.42,213,160,2.86,1.051,2.2,8.3,20,11,230.1,62,.224,.604,23.4,6.2,3.3,41.8,.330,.274,.281
JeredWeaver2010,24.0,3.01,233,132,3.06,1.074,2.2,9.3,13,12,224.1,75,.222,.622,25.8,6.0,2.8,28.8,.355,.267,.277
RandyWells2010,0.0,4.26,144,99,3.93,1.400,2.9,6.7,8,14,194.1,92,.273,.745,17.1,7.5,-0.1,-1.0,.413,.333,.315
JakeWestbrook2010,0.0,4.22,128,93,4.22,1.337,3.0,5.7,10,11,202.2,95,.262,.727,14.9,7.9,-0.8,-5.3,.401,.326,.290
CJWilson2010,0.0,3.35,170,134,3.56,1.245,4.1,7.5,15,8,204.0,76,.217,.622,20.0,10.9,2.2,23.4,.311,.311,.267
RandyWolf2010,0.0,4.17,142,97,4.85,1.391,3.6,5.9,13,12,215.2,100,.258,.764,15.2,9.3,0.0,-1.9,.430,.333,.279
BarryZito2010,0.0,4.15,150,94,4.25,1.344,3.8,6.8,9,14,199.1,92,.250,.726,17.7,9.9,-0.1,-1.5,.396,.329,.286
BronsonArroyo2011,0.0,5.07,108,78,5.71,1.367,2.0,4.9,9,12,199.0,112,.286,.855,12.6,5.3,-1.5,-23.1,.527,.327,.281
JoshBeckett2011,3.0,2.89,175,149,3.57,1.026,2.4,8.2,13,7,193.0,62,.211,.608,22.8,6.8,3.3,33.2,.335,.273,.249
ChadBillingsley2011,0.0,4.21,152,87,3.83,1.452,4.0,7.3,11,11,188.0,88,.264,.729,18.3,10.1,-1.0,-14.4,.386,.343,.313
MarkBuehrle2011,0.0,3.59,109,121,3.98,1.295,2.0,4.8,13,9,205.1,82,.277,.728,12.7,5.2,2.2,16.5,.414,.315,.296
MadisonBumgarner2011,1.0,3.21,191,109,2.67,1.212,2.0,8.4,13,13,204.2,73,.260,.670,22.6,5.5,1.0,5.0,.366,.304,.329
AJBurnett2011,0.0,5.15,173,83,4.77,1.434,3.9,8.2,11,11,190.1,109,.260,.802,20.7,9.9,-1.6,-18.4,.464,.339,.296
TrevorCahill2011,0.0,4.16,147,96,4.10,1.425,3.6,6.4,12,14,207.2,96,.269,.738,16.3,9.1,0.0,-2.3,.398,.340,.306
MattCain2011,3.0,2.88,179,121,2.91,1.083,2.6,7.3,12,11,221.2,71,.217,.597,19.7,7.0,1.5,19.4,.319,.279,.265
ChrisCapuano2011,0.0,4.55,168,81,4.04,1.349,2.6,8.1,11,12,186.0,94,.270,.781,21.0,6.6,-2.2,-13.0,.458,.323,.317
ChrisCarpenter2011,0.0,3.45,191,108,3.06,1.256,2.1,7.2,11,9,237.1,91,.264,.669,19.2,5.5,0.7,11.8,.360,.309,.317
JhoulysChacin2011,0.0,3.62,150,126,4.23,1.314,4.0,7.0,11,14,194.0,78,.231,.707,18.1,10.5,0.8,15.2,.392,.315,.264
BartoloColon2011,0.0,4.00,135,107,3.83,1.290,2.2,7.4,8,10,164.1,73,.267,.751,19.5,5.8,0.5,0.6,.440,.311,.306
JohnDanks2011,0.0,4.33,135,100,3.82,1.339,2.4,7.1,8,12,170.1,82,.274,.752,18.5,6.3,0.5,0.6,.427,.325,.315
WadeDavis2011,0.0,4.45,105,85,4.67,1.375,3.1,5.1,11,10,184.0,91,.267,.771,13.2,7.9,-1.0,-5.9,.441,.330,.283
RyanDempster2011,0.0,4.80,191,81,3.90,1.448,3.6,8.5,10,14,202.1,108,.271,.788,21.7,9.3,-1.1,-16.1,.445,.343,.331
RADickey2011,0.0,3.28,134,112,3.77,1.227,2.3,5.8,8,13,208.2,76,.256,.690,15.3,6.2,-0.5,6.6,.382,.308,.285
DougFister2011,0.0,2.83,146,138,3.02,1.063,1.5,6.1,11,13,216.1,68,.237,.617,16.7,4.2,2.3,25.0,.339,.278,.274
GavinFloyd2011,0.0,4.37,151,99,3.81,1.162,2.1,7.0,12,13,193.2,94,.247,.685,18.9,5.6,0.0,2.2,.388,.297,.280
JeffFrancis2011,0.0,4.82,91,85,4.10,1.437,1.9,4.5,6,16,183.0,98,.301,.794,11.3,4.9,-1.8,-14.1,.457,.337,.319
YovaniGallardo2011,5.0,3.52,207,112,3.59,1.215,2.6,9.0,17,10,207.1,81,.245,.686,23.9,6.8,0.6,3.5,.390,.296,.296
JaimeGarcia2011,0.0,3.56,156,104,3.23,1.320,2.3,7.2,13,7,194.2,77,.273,.711,18.9,6.1,-0.9,-11.3,.394,.317,.324
MattGarza2011,0.0,3.32,197,118,2.95,1.258,2.9,9.0,10,10,198.0,73,.245,.654,23.5,7.5,0.4,1.8,.350,.304,.312
GioGonzalez2011,0.0,3.12,197,129,3.64,1.317,4.1,8.8,16,12,202.0,70,.230,.654,22.8,10.5,2.2,18.9,.336,.318,.288
ZackGreinke2011,0.0,3.83,201,103,2.98,1.200,2.4,10.5,16,6,171.2,73,.245,.708,28.1,6.3,0.3,1.3,.412,.297,.323
JeremyGuthrie2011,0.0,4.33,130,97,4.48,1.341,2.9,5.6,9,17,208.0,100,.267,.770,14.6,7.4,-0.6,-7.4,.444,.326,.287
RoyHalladay2011,133.0,2.35,220,163,2.20,1.040,1.3,8.5,19,6,233.2,61,.239,.582,23.6,3.8,4.3,43.6,.313,.269,.305
ColeHamels2011,17.0,2.79,194,137,3.05,0.986,1.8,8.1,14,9,216.0,67,.214,.596,22.8,5.2,3.9,30.5,.337,.259,.259
JasonHammel2011,0.0,4.76,94,96,4.83,1.427,3.6,5.0,7,13,170.1,90,.270,.777,12.7,9.2,-0.9,-13.3,.435,.342,.286
AaronHarang2011,0.0,3.64,124,98,4.17,1.365,3.1,6.5,14,7,170.2,69,.269,.758,17.3,8.1,1.2,1.8,.427,.331,.305
DanHaren2011,7.0,3.17,192,119,2.98,1.024,1.2,7.3,16,10,238.1,84,.235,.630,20.2,3.5,4.2,26.9,.365,.265,.276
MattHarrison2011,0.0,3.39,126,130,3.52,1.276,2.8,6.1,14,9,185.2,70,.257,.685,16.3,7.4,1.8,16.6,.374,.312,.295
JeremyHellickson2011,0.0,2.95,117,128,4.44,1.153,3.4,5.6,13,10,189.0,62,.210,.660,15.1,9.3,1.9,26.8,.373,.287,.224
FelixHernandez2011,0.0,3.47,222,109,3.13,1.220,2.6,8.6,14,14,233.2,90,.248,.660,23.0,7.0,1.4,13.0,.356,.304,.308
Liv치nHern치ndez2011,0.0,4.47,99,86,3.95,1.397,2.4,5.1,8,13,175.1,87,.291,.772,13.2,6.1,-0.7,-13.1,.434,.337,.318
RobertoHernandez2011,0.0,5.25,109,75,4.56,1.405,2.9,5.2,7,15,188.2,110,.276,.776,13.1,7.2,-2.5,-32.8,.437,.339,.296
LukeHochevar2011,0.0,4.68,128,87,4.29,1.283,2.8,5.8,11,11,198.0,103,.252,.742,15.3,7.4,-0.4,-10.0,.429,.313,.276
DerekHolland2011,0.0,3.95,162,112,3.94,1.354,3.0,7.4,16,5,198.0,87,.262,.724,19.2,8.0,0.7,5.0,.398,.325,.306
DanielHudson2011,0.0,3.49,169,113,3.28,1.203,2.0,6.9,16,12,222.0,86,.255,.694,18.4,5.4,0.7,4.7,.394,.301,.298
TimHudson2011,0.0,3.22,158,119,3.39,1.140,2.3,6.6,16,10,215.0,77,.236,.627,17.9,6.3,1.6,12.3,.331,.296,.276
PhilipHumber2011,0.0,3.75,116,116,3.58,1.178,2.3,6.4,9,9,163.0,68,.243,.651,17.2,6.1,1.5,14.2,.357,.294,.276
EdwinJackson2011,0.0,3.79,148,108,3.55,1.437,2.8,6.7,12,9,199.2,84,.290,.768,17.2,7.2,0.8,5.7,.427,.342,.338
UbaldoJimenez2011,0.0,4.68,180,93,3.67,1.402,3.7,8.6,10,13,188.1,98,.254,.752,21.9,9.5,-2.0,-16.9,.419,.333,.315
JeffKarstens2011,0.0,3.38,96,110,4.29,1.207,1.8,5.3,9,9,162.1,61,.263,.721,14.4,4.9,-0.6,0.2,.419,.302,.278
IanKennedy2011,76.0,2.88,198,137,3.22,1.086,2.2,8.0,21,4,222.0,71,.227,.641,22.0,6.1,4.3,31.8,.361,.281,.274
ClaytonKershaw2011,207.0,2.28,248,161,2.47,0.977,2.1,9.6,21,5,233.1,59,.207,.554,27.2,5.9,3.7,37.5,.298,.256,.274
HirokiKuroda2011,0.0,3.07,161,120,3.78,1.213,2.2,7.2,13,16,202.0,69,.254,.716,19.2,5.9,1.1,13.7,.415,.300,.290
JohnLannan2011,0.0,3.70,106,103,4.28,1.462,3.7,5.2,10,13,184.2,76,.272,.736,13.1,9.4,-0.6,-4.7,.389,.347,.301
MatLatos2011,0.0,3.47,185,102,3.16,1.184,2.9,8.6,9,14,194.1,75,.233,.655,23.2,7.8,0.5,7.5,.363,.292,.288
MikeLeake2011,0.0,3.86,118,102,4.22,1.175,2.0,6.3,12,9,167.2,72,.250,.714,17.0,5.5,-0.8,4.5,.416,.298,.272
CliffLee2011,90.0,2.40,238,160,2.60,1.027,1.6,9.2,17,8,232.2,62,.229,.607,25.9,4.6,4.1,39.0,.339,.268,.293
JonLester2011,0.0,3.47,182,124,3.83,1.257,3.5,8.5,15,9,191.2,74,.234,.690,22.8,9.4,1.2,19.7,.374,.316,.287
ColbyLewis2011,0.0,4.40,169,100,4.54,1.213,2.5,7.6,14,10,200.1,98,.244,.738,20.1,6.7,0.2,-0.5,.439,.299,.268
TedLilly2011,0.0,3.97,158,93,4.21,1.157,2.4,7.4,12,14,192.2,85,.238,.708,19.8,6.4,-0.6,2.5,.414,.294,.266
TimLincecum2011,7.0,2.74,220,127,3.17,1.207,3.6,9.1,13,14,217.0,66,.222,.646,24.4,9.6,2.0,20.6,.344,.302,.288
KyleLohse2011,0.0,3.39,111,109,3.67,1.168,2.0,5.3,14,8,188.1,71,.249,.680,14.3,5.4,0.1,5.8,.390,.291,.272
DerekLowe2011,0.0,5.05,137,76,3.70,1.508,3.4,6.6,9,17,187.0,105,.285,.754,16.5,8.4,-2.6,-26.5,.406,.347,.332
PaulMaholm2011,0.0,3.66,97,102,3.78,1.294,2.8,5.4,6,14,162.1,66,.262,.711,14.1,7.3,-0.1,3.7,.390,.321,.290
ShaunMarcum2011,0.0,3.54,158,111,3.73,1.156,2.6,7.1,13,7,200.2,79,.232,.656,19.2,6.9,1.3,10.0,.372,.284,.264
JustinMasterson2011,0.0,3.21,158,122,3.28,1.278,2.7,6.6,12,10,216.0,77,.257,.667,17.4,7.2,1.7,18.7,.349,.318,.304
BrandonMcCarthy2011,0.0,3.32,123,121,2.86,1.131,1.3,6.5,9,9,170.2,63,.258,.659,17.8,3.6,0.6,11.8,.377,.281,.298
JamesMcDonald2011,0.0,4.21,142,88,4.68,1.485,4.1,7.5,9,9,171.0,80,.268,.780,18.8,10.3,-1.2,-12.6,.431,.349,.306
BrandonMorrow2011,0.0,4.72,203,90,3.64,1.288,3.5,10.2,11,11,179.1,94,.237,.705,26.1,8.9,-0.8,-12.5,.391,.314,.301
CharlieMorton2011,0.0,3.83,110,97,3.77,1.532,4.0,5.8,10,10,171.2,73,.281,.737,14.3,10.0,-0.6,-4.4,.372,.365,.327
BrettMyers2011,0.0,4.46,160,85,4.26,1.310,2.4,6.7,7,14,216.0,107,.267,.751,17.5,6.2,-1.9,-17.8,.437,.315,.295
RickyNolasco2011,0.0,4.67,148,84,3.53,1.398,1.9,6.5,10,12,206.0,107,.295,.770,16.6,4.9,-0.8,-18.8,.440,.331,.337
BudNorris2011,0.0,3.77,176,100,4.02,1.328,3.4,8.5,6,11,186.0,78,.250,.732,22.1,8.8,-0.9,-8.3,.412,.321,.299
IvanNova2011,0.0,3.70,98,116,4.00,1.331,3.1,5.3,16,4,165.1,68,.258,.706,13.9,8.1,0.1,5.2,.384,.322,.284
AlexiOgando2011,0.0,3.51,126,126,3.65,1.136,2.3,6.7,13,8,169.0,66,.234,.649,18.2,6.2,1.7,13.2,.361,.288,.267
CarlPavano2011,0.0,4.30,102,94,4.10,1.360,1.6,4.1,9,13,222.0,106,.294,.774,10.7,4.2,-0.4,-10.9,.447,.327,.308
MikePelfrey2011,0.0,4.74,105,78,4.47,1.472,3.0,4.9,7,13,193.2,102,.286,.777,12.2,7.6,-1.8,-18.9,.434,.344,.305
BradPenny2011,0.0,5.30,74,78,5.02,1.563,3.1,3.7,11,11,181.2,107,.306,.844,9.2,7.7,-3.0,-21.9,.483,.361,.312
MichaelPineda2011,0.0,3.74,173,101,3.42,1.099,2.9,9.1,9,10,171.0,71,.211,.621,24.9,7.9,0.7,9.7,.342,.279,.261
RickPorcello2011,0.0,4.75,104,87,4.06,1.407,2.3,5.1,14,9,182.0,96,.292,.774,13.3,5.9,-0.6,-8.1,.435,.339,.318
DavidPrice2011,0.0,3.49,218,108,3.32,1.137,2.5,8.7,12,13,224.1,87,.230,.659,23.8,6.9,0.1,13.6,.370,.289,.282
WandyRodriguez2011,0.0,3.49,166,109,4.15,1.314,3.3,7.8,11,11,191.0,74,.251,.739,20.5,8.5,0.3,5.5,.420,.320,.293
RickyRomero2011,2.0,2.92,178,146,4.20,1.138,3.2,7.1,15,11,225.0,73,.216,.662,19.4,8.7,3.5,33.6,.365,.296,.245
CCSabathia2011,63.0,3.00,230,143,2.88,1.226,2.3,8.7,19,8,237.1,79,.255,.666,23.4,6.2,2.9,34.8,.361,.305,.322
AnibalSanchez2011,0.0,3.67,202,106,3.35,1.278,2.9,9.3,8,9,196.1,80,.250,.711,24.3,7.7,0.9,3.4,.398,.313,.317
ErvinSantana2011,0.0,3.38,178,111,4.00,1.220,2.8,7.0,11,12,228.2,86,.241,.693,18.8,7.6,0.8,13.4,.389,.304,.274
JoeSaunders2011,0.0,3.69,108,107,4.78,1.307,2.8,4.6,12,13,212.0,87,.266,.762,12.4,7.7,1.2,9.0,.438,.324,.275
MaxScherzer2011,0.0,4.43,174,93,4.14,1.349,2.6,8.0,15,9,195.0,96,.272,.781,20.9,6.7,-0.2,-4.2,.455,.325,.316
JamesShields2011,66.0,2.82,225,134,3.42,1.043,2.3,8.1,16,12,249.1,78,.217,.623,23.1,6.7,4.2,39.4,.350,.273,.260
TimStauffer2011,0.0,3.73,128,95,4.03,1.255,2.6,6.2,9,12,185.2,77,.258,.729,16.5,6.8,0.8,0.9,.413,.316,.289
JoshTomlin2011,0.0,4.25,89,93,4.27,1.077,1.1,4.8,12,7,165.1,78,.248,.712,13.4,3.2,0.2,3.3,.438,.274,.254
JasonVargas2011,0.0,4.25,131,88,4.08,1.313,2.6,5.9,10,13,201.0,95,.260,.712,15.3,6.9,0.3,-4.2,.398,.314,.287
JavierVazquez2011,0.0,3.69,162,106,3.57,1.183,2.3,7.6,13,11,192.2,79,.243,.689,20.3,6.3,-0.3,-3.0,.398,.291,.283
JustinVerlander2011,196.0,2.40,250,172,2.99,0.920,2.0,9.0,24,5,251.0,67,.192,.555,25.8,5.9,5.0,51.8,.313,.242,.237
RyanVogelsong2011,1.0,2.71,139,129,3.67,1.252,3.1,7.0,13,7,179.2,54,.244,.671,18.5,8.1,1.9,16.4,.361,.310,.285
ChrisVolstad2011,0.0,4.89,117,80,4.32,1.425,2.7,6.4,5,13,165.2,90,.289,.799,16.3,6.8,-2.0,-18.6,.464,.335,.317
JeredWeaver2011,97.0,2.41,198,156,3.20,1.010,2.1,7.6,18,8,235.2,63,.212,.598,21.4,6.1,5.1,47.9,.336,.262,.252
JakeWestbrook2011,0.0,4.66,104,80,4.25,1.533,3.6,5.1,12,9,183.1,95,.290,.789,12.9,9.0,-1.9,-21.7,.435,.355,.318
CJWilson2011,0.0,2.94,206,150,3.24,1.187,3.0,8.3,16,7,223.1,73,.232,.651,22.5,8.1,2.4,26.3,.350,.302,.289
RandyWolf2011,0.0,3.69,134,107,4.29,1.319,2.8,5.7,13,10,212.1,87,.266,.744,14.8,7.3,0.9,5.0,.415,.329,.292
HendersonAlvarezIII2012,0.0,4.85,79,87,5.18,1.441,2.6,3.8,9,14,187.1,101,.290,.812,9.8,6.7,-1.9,-14.8,.473,.339,.292
BronsonArroyo2012,0.0,3.74,129,110,4.09,1.208,1.6,5.7,12,10,202.0,84,.267,.721,15.5,4.2,1.3,11.3,.421,.301,.289
HomerBailey2012,0.0,3.68,168,112,3.97,1.240,2.3,7.3,13,10,208.0,85,.256,.718,19.2,6.0,1.7,6.9,.412,.306,.293
JoshBeckett2012,0.0,4.65,132,89,4.15,1.327,2.7,7.0,7,14,170.1,88,.264,.741,18.1,7.1,-1.4,-8.5,.423,.319,.297
JoeBlanton2012,0.0,4.71,166,84,3.91,1.262,1.6,7.8,10,13,191.0,100,.273,.759,20.6,4.2,-1.3,-11.6,.453,.306,.314
ClayBuchholz2012,0.0,4.56,129,92,4.65,1.326,3.0,6.1,11,8,189.1,96,.263,.757,16.1,8.0,0.4,-4.0,.426,.330,.286
MarkBuehrle2012,0.0,3.74,125,109,4.18,1.171,1.8,5.6,13,13,202.1,84,.258,.710,15.1,4.8,0.9,10.0,.414,.296,.276
MadisonBumgarner2012,0.0,3.37,191,105,3.50,1.114,2.1,8.3,16,11,208.1,78,.234,.670,22.5,5.8,0.9,7.5,.386,.284,.280
AJBurnett2012,0.0,3.51,180,107,3.52,1.241,2.8,8.0,16,10,202.1,79,.246,.668,21.2,7.3,1.1,4.9,.361,.307,.296
TrevorCahill2012,0.0,3.78,156,108,3.85,1.290,3.3,7.0,13,12,200.0,84,.250,.706,18.6,8.8,0.9,5.6,.380,.325,.295
MattCain2012,22.0,2.79,193,126,3.40,1.040,2.1,7.9,16,5,219.1,68,.222,.635,22.0,5.8,1.8,21.7,.361,.274,.264
ChrisCapuano2012,0.0,3.72,162,102,3.95,1.220,2.5,7.4,12,12,198.1,82,.254,.715,19.8,6.6,0.2,6.2,.410,.305,.292
BruceChen2012,0.0,5.07,140,82,4.73,1.367,2.2,6.6,11,14,191.2,108,.281,.813,16.9,5.7,-1.1,-16.6,.486,.328,.305
Wei-YinChen2012,0.0,4.02,154,105,4.42,1.261,2.7,7.2,12,11,192.2,86,.250,.729,18.8,7.0,-0.1,-2.3,.424,.305,.276
KevinCorreia2012,0.0,4.21,89,89,4.43,1.298,2.4,4.7,12,11,171.0,80,.267,.733,12.2,6.3,-1.8,-13.3,.418,.315,.281
JohnnyCueto2012,75.0,2.78,170,148,3.27,1.171,2.0,7.1,19,9,217.0,67,.252,.667,19.1,5.5,3.0,32.3,.366,.302,.299
YuDarvish2012,1.0,3.90,221,112,3.29,1.280,4.2,10.4,16,9,191.1,83,.220,.659,27.1,10.9,1.3,4.3,.346,.313,.296
RyanDempster2012,0.0,3.38,153,124,3.69,1.197,2.7,8.0,12,8,173.0,65,.237,.677,21.3,7.3,1.3,16.8,.384,.294,.280
RossDetwiler2012,0.0,3.40,105,118,4.04,1.223,2.8,5.8,10,8,164.1,62,.241,.681,15.3,7.6,0.8,7.6,.377,.304,.267
ScottDiamond2012,0.0,3.54,90,116,3.94,1.243,1.6,4.7,12,9,173.0,68,.274,.731,12.6,4.3,-0.2,8.1,.423,.308,.293
RADickey2012,0.0,2.73,230,139,3.27,1.053,2.1,8.9,20,6,233.2,71,.226,.640,24.8,5.8,2.5,29.8,.362,.278,.280
GavinFloyd2012,0.0,4.29,144,99,4.46,1.363,3.4,7.7,12,11,168.0,80,.259,.755,19.9,8.7,0.1,0.1,.418,.337,.301
YovaniGallardo2012,0.0,3.66,204,112,3.94,1.304,3.6,9.0,16,9,204.0,83,.243,.706,23.7,9.4,1.7,11.9,.392,.313,.296
GioGonzalez2012,93.0,2.89,207,138,2.82,1.129,3.4,9.3,21,8,199.1,64,.206,.582,25.2,9.3,2.7,26.9,.299,.283,.271
ZackGreinke2012,0.0,3.48,200,115,3.10,1.196,2.3,8.5,15,5,212.1,82,.249,.663,23.0,6.2,2.5,18.8,.366,.297,.310
JeremyGuthrie2012,0.0,4.76,101,93,5.10,1.409,2.5,5.0,8,12,181.2,96,.288,.822,12.8,6.4,-0.8,-14.6,.483,.340,.298
ColeHamels2012,1.0,3.05,216,132,3.30,1.124,2.2,9.0,17,6,215.1,73,.237,.661,24.9,6.0,2.6,23.8,.377,.285,.293
TommyHanson2012,0.0,4.48,161,89,4.57,1.454,3.7,8.3,13,10,174.2,87,.271,.808,21.2,9.3,-1.0,-13.0,.464,.344,.319
AaronHarang2012,0.0,3.61,131,105,4.14,1.403,4.3,6.6,10,10,179.2,72,.246,.711,16.7,10.8,-0.2,-2.0,.382,.329,.282
DanHaren2012,0.0,4.33,142,88,4.24,1.291,1.9,7.2,12,13,176.2,85,.275,.775,19.0,5.1,-0.5,-9.9,.463,.312,.306
LucasHarrell2012,0.0,3.76,140,107,3.75,1.358,3.6,6.5,11,11,193.2,81,.253,.685,16.9,9.4,0.4,3.5,.363,.322,.293
MattHarrison2012,2.0,3.29,133,133,4.03,1.261,2.5,5.6,18,11,213.1,78,.258,.714,15.2,6.7,2.8,27.9,.406,.309,.285
JeremyHellickson2012,0.0,3.10,124,124,4.60,1.254,3.0,6.3,10,11,177.0,61,.244,.710,16.7,8.0,1.5,16.9,.402,.307,.264
FelixHernandez2012,41.0,3.06,223,124,2.84,1.142,2.2,8.7,13,9,232.0,79,.241,.629,23.8,6.0,4.4,26.1,.333,.296,.309
LukeHochevar2012,0.0,5.73,144,73,4.63,1.419,3.0,7.0,8,16,185.1,118,.281,.818,18.0,7.6,-2.2,-29.0,.471,.347,.318
DerekHolland2012,0.0,4.67,145,94,4.75,1.221,2.7,7.4,12,7,175.1,91,.243,.745,19.9,7.1,-0.3,-7.9,.446,.299,.264
TimHudson2012,0.0,3.62,102,110,3.78,1.207,2.4,5.1,16,7,179.0,72,.248,.666,13.6,6.4,1.3,7.1,.361,.304,.275
PhilHughes2012,0.0,4.19,165,101,4.56,1.265,2.2,7.8,16,13,191.1,89,.259,.765,20.3,5.6,-0.2,-3.1,.460,.305,.286
EdwinJackson2012,0.0,4.03,168,99,3.85,1.218,2.8,8.0,10,11,189.2,85,.243,.719,21.3,7.3,0.5,0.7,.421,.298,.283
UbaldoJimenez2012,0.0,5.40,143,72,5.06,1.613,4.8,7.3,9,17,176.2,106,.273,.817,17.8,11.8,-2.7,-28.2,.452,.365,.310
JoshJohnson2012,0.0,3.81,165,107,3.40,1.280,3.1,7.8,8,14,191.1,81,.252,.678,20.7,8.2,0.9,10.7,.363,.315,.306
IanKennedy2012,0.0,4.02,187,101,4.04,1.301,2.4,8.1,15,12,208.1,93,.266,.775,20.8,6.1,-0.1,-6.0,.453,.322,.312
ClaytonKershaw2012,96.0,2.53,229,150,2.89,1.023,2.5,9.1,14,9,227.2,64,.210,.593,25.4,7.0,3.7,38.9,.323,.270,.271
HirokiKuroda2012,0.0,3.32,167,127,3.86,1.165,2.1,6.8,16,11,219.2,81,.249,.705,18.7,5.7,1.2,20.5,.406,.299,.284
MatLatos2012,0.0,3.48,185,118,3.85,1.161,2.8,8.0,14,4,209.1,81,.230,.681,21.6,7.5,2.2,15.5,.390,.291,.270
MikeLeake2012,0.0,4.58,116,90,4.42,1.352,2.1,5.8,8,9,179.0,91,.287,.805,15.3,5.4,-1.5,-12.3,.479,.326,.310
CliffLee2012,0.0,3.16,207,128,3.13,1.114,1.2,8.8,6,9,211.0,74,.255,.690,24.4,3.3,2.0,21.6,.411,.278,.310
JonLester2012,0.0,4.82,166,87,4.11,1.383,3.0,7.3,9,14,205.1,110,.273,.773,19.0,7.8,-1.5,-10.9,.442,.331,.314
TimLincecum2012,0.0,5.18,190,68,4.18,1.468,4.4,9.2,10,15,186.0,107,.257,.767,23.0,10.9,-3.0,-28.0,.426,.341,.316
KyleLohse2012,6.0,2.86,143,133,3.51,1.090,1.6,6.1,16,3,211.0,67,.239,.642,16.6,4.4,3.2,26.0,.368,.274,.267
LanceLynn2012,0.0,3.78,180,100,3.49,1.318,3.3,9.2,18,7,176.0,74,.253,.728,24.2,8.6,0.5,6.0,.401,.327,.323
PaulMaholm2012,0.0,3.67,140,111,4.01,1.222,2.5,6.7,13,11,189.0,77,.250,.714,17.8,6.7,1.2,9.8,.404,.311,.285
JustinMasterson2012,0.0,4.93,159,79,4.16,1.454,3.8,6.9,11,15,206.1,113,.269,.736,17.6,9.7,-1.3,-24.1,.388,.348,.312
JamesMcDonald2012,0.0,4.21,151,89,4.21,1.263,3.6,7.9,12,8,171.0,80,.233,.715,21.2,9.7,-0.3,-4.0,.404,.311,.272
LuisMendoza2012,0.0,4.23,104,99,4.28,1.416,3.2,5.6,8,10,166.0,78,.278,.759,14.7,8.3,-1.1,-2.8,.411,.348,.311
WadeMiley2012,0.0,3.33,144,122,3.15,1.182,1.7,6.7,16,11,194.2,72,.255,.685,17.8,4.6,0.9,14.2,.395,.290,.297
TommyMilone2012,0.0,3.74,137,104,3.93,1.279,1.7,6.5,13,10,190.0,79,.278,.738,17.3,4.6,0.7,1.9,.424,.313,.312
MikeMinor2012,0.0,4.12,145,97,4.38,1.154,2.8,7.3,11,10,179.1,82,.232,.702,19.9,7.7,0.3,5.5,.407,.294,.256
MattMoore2012,0.0,3.81,175,101,3.93,1.348,4.1,8.9,11,11,177.1,75,.238,.706,23.1,10.7,-0.6,-0.7,.380,.326,.295
JonNiese2012,0.0,3.40,155,112,3.80,1.172,2.3,7.3,13,9,190.1,72,.241,.663,19.7,6.2,1.2,10.4,.372,.291,.276
RickyNolasco2012,0.0,4.48,125,91,3.88,1.366,2.2,5.9,12,13,191.0,95,.285,.755,15.0,5.7,-1.9,-9.6,.423,.331,.319
BudNorris2012,0.0,4.65,165,87,4.23,1.372,3.5,8.8,7,13,168.1,87,.254,.752,22.5,9.0,-1.2,-7.8,.423,.329,.306
IvanNova2012,0.0,5.02,153,84,4.60,1.468,3.0,8.1,12,8,170.1,95,.288,.860,20.5,7.5,-1.5,-17.9,.511,.349,.333
JarrodParker2012,0.0,3.47,140,112,3.43,1.263,3.1,6.9,13,8,181.1,70,.248,.670,18.6,8.4,1.8,17.6,.358,.312,.294
JakePeavy2012,0.0,3.37,194,126,3.73,1.096,2.0,8.0,11,12,219.0,82,.234,.671,22.0,5.6,1.5,22.8,.387,.284,.273
RickPorcello2012,0.0,4.59,107,93,3.91,1.531,2.2,5.5,10,12,176.1,90,.310,.808,13.7,5.6,-1.9,-15.9,.455,.353,.345
DavidPrice2012,153.0,2.56,205,150,3.05,1.100,2.5,8.7,20,5,211.0,60,.226,.602,24.5,7.1,3.6,39.0,.318,.284,.286
ClaytonRichard2012,0.0,3.99,107,90,4.62,1.235,1.7,4.4,14,14,218.2,97,.267,.739,11.8,4.6,-0.3,-8.6,.435,.304,.273
WandyRodriguez2012,0.0,3.76,139,105,3.93,1.269,2.5,6.1,12,13,205.2,86,.255,.695,15.9,6.4,-0.4,-0.8,.391,.304,.283
RickyRomero2012,0.0,5.77,124,73,5.14,1.674,5.2,6.2,9,14,181.0,116,.282,.820,15.0,12.7,-2.2,-32.1,.440,.381,.315
CCSabathia2012,0.0,3.38,197,125,3.34,1.140,2.0,8.9,15,6,200.0,75,.238,.666,23.7,5.3,1.3,12.6,.381,.285,.290
ChrisSale2012,17.0,3.05,192,140,3.27,1.135,2.4,9.0,17,8,192.0,65,.235,.660,24.9,6.6,3.2,33.3,.370,.291,.294
JeffSamardzija2012,0.0,3.81,180,107,3.55,1.219,2.9,9.3,9,13,174.2,74,.240,.698,24.9,7.8,1.3,2.1,.396,.302,.299
AnibalSanchez2012,0.0,3.86,167,108,3.53,1.267,2.2,7.7,9,13,195.2,84,.265,.716,20.4,5.9,0.7,5.8,.405,.310,.313
ErvinSantana2012,0.0,5.16,133,74,5.63,1.270,3.1,6.7,9,13,178.0,102,.239,.774,17.4,8.0,-2.2,-23.5,.465,.308,.242
JoeSaunders2012,0.0,4.07,112,101,4.08,1.340,2.0,5.8,9,13,174.2,79,.281,.755,15.0,5.2,0.0,-5.7,.435,.320,.309
MaxScherzer2012,0.0,3.74,231,114,3.27,1.274,2.9,11.1,16,7,187.2,78,.250,.721,29.4,7.6,0.7,10.9,.409,.312,.337
JamesShields2012,0.0,3.52,223,109,3.47,1.168,2.3,8.8,15,10,227.2,89,.239,.678,23.6,6.1,0.5,8.8,.383,.295,.294
JasonVargas2012,0.0,3.85,141,99,4.69,1.178,2.3,5.8,14,11,217.1,93,.245,.714,15.9,6.2,1.5,13.3,.421,.293,.255
JustinVerlander2012,149.0,2.64,239,161,2.94,1.057,2.3,9.0,17,8,238.1,70,.217,.601,25.0,6.3,4.2,39.6,.331,.270,.275
RyanVogelsong2012,0.0,3.37,158,105,3.70,1.228,2.9,7.5,14,9,189.2,71,.242,.688,20.1,7.9,1.5,10.6,.379,.309,.287
EdinsonVolquez2012,0.0,4.14,174,87,4.06,1.451,5.2,8.6,11,11,182.2,84,.236,.706,21.7,13.1,0.0,-4.7,.362,.344,.295
AdamWainwright2012,0.0,3.94,184,96,3.10,1.248,2.4,8.3,14,13,198.2,87,.259,.701,22.1,6.3,-0.7,-1.2,.392,.309,.320
JeredWeaver2012,70.0,2.81,142,135,3.75,1.018,2.1,6.8,20,5,188.2,59,.214,.605,19.2,6.1,3.4,26.9,.340,.265,.241
JakeWestbrook2012,0.0,3.97,106,96,3.80,1.391,2.7,5.5,13,11,174.2,77,.282,.729,14.1,6.9,-0.5,0.1,.391,.338,.317
CJWilson2012,0.0,3.83,173,100,4.04,1.344,4.0,7.7,13,10,202.1,86,.239,.684,20.0,10.5,0.4,-1.5,.361,.323,.283
JordanZimmermann2012,0.0,2.94,153,136,3.51,1.170,2.0,7.0,12,8,195.2,64,.251,.686,19.0,5.3,1.7,24.7,.388,.297,.292
BarryZito2012,0.0,4.15,114,85,4.49,1.389,3.4,5.6,15,8,184.1,85,.263,.758,14.3,8.8,-0.3,-4.1,.426,.332,.288
BronsonArroyo2013,0.0,3.79,124,100,4.49,1.153,1.5,5.5,14,12,202.0,85,.258,.735,15.1,4.1,-0.2,1.4,.442,.293,.268
HomerBailey2013,0.0,3.49,199,108,3.31,1.124,2.3,8.6,11,12,209.0,81,.234,.660,23.4,6.4,0.3,7.1,.369,.291,.289
MarkBuehrle2013,0.0,4.15,139,99,4.10,1.345,2.3,6.1,12,10,203.2,94,.276,.754,15.9,5.8,-0.5,0.7,.430,.324,.306
MadisonBumgarner2013,3.0,2.77,199,124,3.05,1.033,2.8,8.9,13,9,201.1,62,.203,.577,24.8,7.7,2.4,24.1,.307,.270,.257
AJBurnett2013,0.0,3.30,209,108,2.80,1.215,3.2,9.8,10,11,191.0,70,.231,.639,26.1,8.4,0.4,5.0,.335,.304,.310
MattCain2013,0.0,4.00,158,86,3.93,1.156,2.7,7.7,8,10,184.1,82,.228,.678,20.8,7.2,-0.2,-2.7,.389,.289,.263
AndrewCashner2013,0.0,3.09,128,111,3.35,1.131,2.4,6.6,10,9,175.0,60,.233,.639,18.1,6.7,0.9,8.5,.351,.288,.273
JhoulysChacin2013,0.0,3.47,126,129,3.47,1.262,2.8,5.7,14,10,197.1,76,.253,.685,15.4,7.5,1.1,15.0,.375,.310,.289
BartoloColon2013,25.0,2.65,117,147,3.23,1.166,1.4,5.5,18,6,190.1,56,.264,.659,15.2,3.8,2.5,29.2,.369,.290,.295
PatrickCorbin2013,0.0,3.41,178,113,3.43,1.166,2.3,7.7,14,8,208.1,79,.240,.671,20.7,6.3,1.8,12.5,.376,.296,.287
KevinCorreia2013,0.0,4.18,101,98,4.40,1.419,2.2,4.9,9,13,185.1,86,.297,.799,12.8,5.7,-0.8,3.0,.462,.337,.316
YuDarvish2013,93.0,2.83,277,145,3.28,1.073,3.4,11.9,13,9,209.2,66,.194,.611,32.9,9.5,2.4,34.9,.334,.277,.264
JorgeDeLaRosa2013,0.0,3.49,112,128,3.76,1.384,3.3,6.0,16,6,167.2,65,.269,.721,15.7,8.7,1.3,10.0,.384,.337,.310
RyanDempster2013,0.0,4.57,157,90,4.68,1.453,4.1,8.2,8,9,171.1,87,.256,.774,20.8,10.5,-0.9,-10.6,.435,.339,.297
RADickey2013,0.0,4.21,177,98,4.58,1.237,2.8,7.1,14,13,224.2,105,.242,.728,18.8,7.5,-1.8,-6.9,.422,.306,.265
FelixDoubront2013,0.0,4.32,139,95,3.78,1.429,3.9,7.7,11,6,162.1,78,.261,.729,19.7,10.1,-0.7,-7.8,.391,.338,.312
ScottFeldman2013,0.0,3.86,132,103,4.03,1.183,2.8,6.5,12,12,181.2,78,.234,.671,17.4,7.4,0.2,5.6,.373,.298,.262
JoseFernandez2013,62.0,2.19,187,176,2.73,0.979,3.0,9.7,12,6,172.2,42,.182,.522,27.5,8.5,3.7,33.1,.265,.257,.242
DougFister2013,0.0,3.67,159,113,3.26,1.308,1.9,6.9,14,9,208.2,85,.281,.710,18.1,5.0,0.9,9.6,.381,.329,.333
YovaniGallardo2013,0.0,4.18,144,92,3.89,1.362,3.3,7.2,12,10,180.2,84,.261,.720,18.6,8.5,-0.9,-8.4,.395,.325,.303
DillonGee2013,0.0,3.62,142,98,4.00,1.281,2.1,6.4,12,11,199.0,80,.268,.738,16.9,5.6,-0.2,-0.3,.423,.315,.301
GioGonzalez2013,0.0,3.36,192,113,3.41,1.252,3.5,8.8,11,8,195.2,73,.231,.668,23.4,9.3,1.3,11.1,.363,.305,.290
MiguelGonzalez2013,0.0,3.78,120,108,4.45,1.226,2.8,6.3,11,8,171.1,72,.243,.713,16.9,7.4,0.2,1.1,.413,.300,.261
ZackGreinke2013,19.0,2.63,148,135,3.23,1.114,2.3,7.5,15,4,177.2,52,.234,.647,20.6,6.4,2.9,21.0,.355,.291,.284
AJGriffin2013,0.0,3.83,171,101,4.55,1.125,2.4,7.7,14,10,200.0,85,.226,.688,20.8,6.6,-0.1,6.1,.408,.280,.244
JeremyGuthrie2013,0.0,4.04,111,102,4.79,1.394,2.5,4.7,15,12,211.2,95,.285,.784,12.3,6.5,-0.1,7.5,.448,.336,.296
ColeHamels2013,0.0,3.60,202,104,3.26,1.159,2.0,8.3,8,14,220.0,88,.246,.699,22.3,5.5,0.1,6.8,.404,.295,.301
DanHaren2013,0.0,4.67,151,81,4.09,1.238,1.6,8.0,10,14,169.2,88,.268,.760,21.1,4.3,-0.7,-14.0,.454,.306,.307
MattHarvey2013,39.0,2.27,191,157,2.01,0.931,1.6,9.6,9,5,178.1,45,.209,.530,27.7,4.5,2.9,29.6,.282,.248,.283
JeremyHellickson2013,0.0,5.17,135,74,4.22,1.351,2.6,7.0,12,10,174.0,100,.274,.775,18.3,6.8,-1.6,-20.8,.450,.325,.308
FelixHernandez2013,6.0,3.04,216,121,2.61,1.131,2.0,9.5,12,10,204.1,69,.242,.644,26.3,5.6,2.6,21.0,.358,.286,.316
DerekHolland2013,0.0,3.42,189,120,3.44,1.286,2.7,8.0,10,9,213.0,81,.259,.711,21.1,7.2,1.2,14.5,.399,.313,.311
HisashiIwakuma2013,73.0,2.66,185,138,3.44,1.006,1.7,7.6,14,6,219.2,65,.220,.630,21.4,4.9,3.6,33.9,.371,.258,.253
EdwinJackson2013,0.0,4.98,135,78,3.79,1.460,3.0,6.9,8,18,175.1,97,.281,.775,17.4,7.6,-4.1,-32.6,.436,.339,.327
UbaldoJimenez2013,0.0,3.30,194,115,3.43,1.330,3.9,9.6,13,9,182.2,67,.239,.684,25.0,10.3,0.9,11.2,.367,.317,.304
KyleKendrick2013,0.0,4.70,110,80,4.02,1.396,2.3,5.4,10,13,182.0,95,.285,.751,13.8,5.9,-1.4,-22.9,.420,.331,.312
IanKennedy2013,0.0,4.91,163,76,4.59,1.395,3.6,8.1,7,10,181.1,99,.259,.781,20.5,9.2,-3.2,-28.5,.444,.337,.299
ClaytonKershaw2013,207.0,1.83,232,194,2.39,0.915,2.0,8.8,16,9,236.0,48,.195,.521,25.6,5.7,4.9,47.8,.277,.244,.255
HirokiKuroda2013,0.0,3.31,150,121,3.56,1.162,1.9,6.7,11,13,201.1,74,.249,.683,18.2,5.2,2.5,17.2,.392,.291,.283
JohnLackey2013,0.0,3.52,161,117,3.86,1.157,1.9,7.7,10,13,189.1,74,.247,.704,20.7,5.1,1.1,14.9,.413,.290,.282
MatLatos2013,0.0,3.16,187,120,3.10,1.210,2.5,8.0,14,7,210.2,74,.247,.668,21.2,6.6,1.4,12.1,.363,.305,.305
MikeLeake2013,0.0,3.37,122,112,4.04,1.253,2.2,5.7,14,7,192.1,72,.263,.719,15.2,6.0,1.0,7.7,.407,.311,.289
CliffLee2013,32.0,2.87,222,131,2.82,1.010,1.3,9.0,14,8,222.2,71,.232,.631,25.3,3.7,2.7,24.1,.368,.263,.289
JonLester2013,0.0,3.75,177,110,3.59,1.294,2.8,7.5,15,8,213.1,89,.253,.703,19.6,7.4,0.2,10.5,.389,.314,.301
TimLincecum2013,0.0,4.37,193,79,3.74,1.315,3.5,8.8,10,14,197.2,96,.248,.711,23.0,9.0,-1.6,-10.3,.389,.322,.306
JeffLocke2013,0.0,3.52,125,101,4.03,1.383,4.5,6.8,10,7,166.1,65,.242,.686,17.6,11.8,1.1,6.5,.350,.336,.283
KyleLohse2013,0.0,3.35,125,115,4.08,1.168,1.6,5.7,11,10,198.2,74,.259,.700,15.5,4.5,1.1,13.0,.406,.294,.280
LanceLynn2013,0.0,3.97,198,94,3.28,1.314,3.4,8.8,15,10,201.2,89,.252,.701,23.1,8.9,-0.3,-0.3,.375,.327,.321
JustinMasterson2013,0.0,3.45,195,110,3.35,1.202,3.5,9.1,14,10,193.0,74,.222,.624,24.3,9.5,1.5,16.2,.312,.312,.288
KrisMedlen2013,0.0,3.11,157,121,3.48,1.223,2.1,7.2,15,12,197.0,68,.258,.706,19.2,5.7,1.1,9.6,.398,.307,.303
WadeMiley2013,0.0,3.55,147,109,3.98,1.317,2.9,6.5,10,10,202.2,80,.261,.727,17.4,7.8,-0.3,-0.1,.404,.322,.299
ShelbyMiller2013,0.0,3.06,169,122,3.67,1.206,3.0,8.8,15,9,173.1,59,.234,.670,23.4,7.9,1.2,10.3,.371,.299,.284
MikeMinor2013,0.0,3.21,181,117,3.37,1.090,2.0,8.0,13,9,204.2,73,.232,.657,22.1,5.6,-0.2,12.7,.382,.275,.274
RickyNolasco2013,0.0,3.70,165,101,3.34,1.209,2.1,7.4,13,11,199.1,82,.255,.693,19.8,5.5,-1.1,-4.1,.388,.305,.304
BudNorris2013,0.0,4.18,147,97,3.86,1.489,3.4,7.5,10,12,176.2,82,.283,.779,19.0,8.7,-0.9,-4.9,.429,.349,.337
JarrodParker2013,0.0,3.97,134,98,4.40,1.223,2.9,6.1,12,8,197.0,87,.242,.695,16.4,7.7,1.2,4.7,.389,.306,.263
WilyPeralta2013,0.0,4.37,129,88,4.30,1.418,3.6,6.3,11,15,183.1,89,.264,.722,16.1,9.1,-1.3,-21.8,.384,.338,.298
AndyPettitte2013,0.0,3.74,128,107,3.70,1.327,2.3,6.2,11,11,185.1,77,.275,.731,16.3,6.1,0.4,4.2,.411,.321,.310
RickPorcello2013,0.0,4.32,142,96,3.53,1.282,2.1,7.2,13,8,177.0,85,.270,.709,19.3,5.7,0.1,2.3,.395,.314,.317
DavidPrice2013,0.0,3.33,151,115,3.03,1.098,1.3,7.3,10,8,186.2,69,.252,.661,20.4,3.7,1.8,15.9,.379,.281,.299
JoseQuintana2013,0.0,3.51,164,120,3.82,1.220,2.5,7.4,9,7,200.0,78,.247,.695,19.7,6.7,0.8,11.5,.395,.300,.284
HyunJinRyu2013,0.0,3.00,154,119,3.24,1.203,2.3,7.2,14,8,192.0,64,.252,.660,19.7,6.3,1.7,20.7,.361,.299,.300
CCSabathia2013,0.0,4.78,175,84,4.10,1.370,2.8,7.5,14,13,211.0,112,.272,.770,19.3,7.2,-2.7,-20.4,.445,.326,.312
ChrisSale2013,44.0,3.07,226,137,3.17,1.073,1.9,9.5,11,14,214.1,73,.230,.636,26.1,5.3,2.7,25.8,.354,.282,.290
JeffSamardzija2013,0.0,4.34,214,89,3.77,1.348,3.3,9.0,8,13,213.2,103,.255,.736,23.4,8.5,-0.7,-7.4,.411,.325,.316
AnibalSanchez2013,46.0,2.57,202,162,2.39,1.154,2.7,10.0,14,8,182.0,52,.229,.616,27.1,7.2,1.1,30.5,.330,.286,.309
ErvinSantana2013,0.0,3.24,161,127,3.93,1.142,2.2,6.9,9,10,211.0,76,.238,.668,18.7,5.9,1.5,16.5,.380,.288,.268
JoeSaunders2013,0.0,5.26,107,70,4.72,1.601,3.0,5.3,11,16,183.0,107,.311,.872,13.1,7.4,-2.6,-31.2,.507,.365,.335
MaxScherzer2013,203.0,2.90,240,144,2.74,0.970,2.4,10.1,21,3,214.1,69,.198,.583,28.7,6.7,3.9,31.9,.329,.254,.260
JamesShields2013,2.0,3.15,196,131,3.47,1.238,2.7,7.7,13,9,228.2,80,.251,.678,20.7,7.2,3.5,30.1,.369,.310,.301
StephenStrasburg2013,0.0,3.00,191,126,3.21,1.049,2.8,9.4,8,9,183.0,61,.207,.588,26.1,7.7,1.3,11.2,.307,.281,.266
EricStults2013,0.0,3.93,131,87,3.53,1.272,1.8,5.8,11,13,203.2,89,.274,.729,15.3,4.7,-0.8,-8.5,.421,.308,.306
JulioTeheran2013,0.0,3.20,170,117,3.69,1.174,2.2,8.2,14,8,185.2,66,.246,.700,22.0,5.8,1.2,12.0,.398,.302,.293
ChrisTillman2013,0.0,3.71,179,110,4.42,1.221,3.0,7.8,16,7,206.1,85,.241,.730,21.2,8.1,1.7,12.2,.427,.303,.271
JustinVerlander2013,0.0,3.46,217,120,3.28,1.315,3.1,8.9,13,12,218.1,84,.253,.691,23.5,8.1,0.5,13.8,.376,.315,.317
EdinsonVolquez2013,0.0,5.71,142,60,4.24,1.585,4.1,7.5,9,12,170.1,108,.282,.804,18.3,9.9,-2.9,-38.9,.449,.355,.330
AdamWainwright2013,86.0,2.94,219,127,2.55,1.068,1.3,8.2,19,9,241.2,79,.248,.636,22.9,3.7,2.2,26.2,.356,.280,.311
JeromeWilliams2013,0.0,4.57,107,82,4.60,1.394,2.9,5.7,9,10,169.1,86,.272,.772,14.7,7.6,-1.1,-14.2,.442,.330,.294
CJWilson2013,0.0,3.39,188,111,3.51,1.342,3.6,8.0,17,7,212.1,80,.246,.684,20.6,9.3,0.1,6.5,.361,.322,.302
TravisWood2013,0.0,3.11,144,124,3.89,1.145,3.0,6.5,9,12,200.0,69,.222,.643,17.5,8.0,1.9,18.5,.351,.292,.251
JordanZimmermann2013,21.0,3.25,161,116,3.36,1.088,1.7,6.8,19,9,213.1,77,.239,.654,18.6,4.6,2.0,17.9,.375,.279,.275
HendersonAlvarezIII2014,1.0,2.65,111,140,3.58,1.235,1.6,5.3,12,7,187.0,55,.275,.697,14.4,4.3,2.7,17.9,.385,.312,.307
ChrisArcher2014,0.0,3.33,173,112,3.39,1.279,3.3,8.0,10,9,194.2,72,.243,.650,21.1,8.8,1.0,2.5,.336,.314,.298
ClayBuchholz2014,0.0,5.34,132,75,4.01,1.386,2.9,7.0,8,11,170.1,101,.273,.751,17.9,7.3,-3.1,-23.1,.416,.335,.317
MarkBuehrle2014,0.0,3.39,119,112,3.66,1.356,2.0,5.3,13,10,202.0,76,.287,.743,13.9,5.4,1.3,11.2,.416,.327,.319
MadisonBumgarner2014,28.0,2.98,219,116,3.05,1.090,1.8,9.1,18,10,217.1,72,.240,.653,25.1,4.9,1.4,14.0,.372,.281,.301
AJBurnett2014,0.0,4.59,190,82,4.14,1.409,4.0,8.0,8,18,213.2,109,.256,.748,20.3,10.3,-2.6,-24.9,.404,.343,.307
Wei-YinChen2014,0.0,3.54,136,111,3.89,1.228,1.7,6.6,16,6,185.2,73,.266,.727,17.6,4.5,0.7,8.0,.426,.301,.298
AlexCobb2014,0.0,2.87,149,130,3.23,1.136,2.5,8.1,10,9,166.1,53,.231,.619,21.9,6.9,2.0,18.2,.325,.294,.285
JoshCollmenter2014,0.0,3.46,115,108,3.87,1.126,2.0,5.8,11,9,179.1,69,.246,.676,16.0,5.4,-0.2,4.2,.386,.290,.271
BartoloColon2014,0.0,4.09,151,84,3.57,1.226,1.3,6.7,15,13,202.1,92,.273,.716,17.9,3.6,-1.2,-11.2,.414,.302,.311
JarredCosart2014,0.0,3.69,115,103,3.77,1.364,3.6,5.7,13,11,180.1,74,.255,.671,15.0,9.5,1.3,4.4,.345,.326,.291
JohnnyCueto2014,112.0,2.25,242,163,3.30,0.960,2.4,8.9,20,9,243.2,61,.194,.574,25.2,6.8,5.1,37.5,.313,.261,.241
JohnDanks2014,0.0,4.74,129,79,4.76,1.441,3.4,6.0,11,11,193.2,102,.269,.785,15.1,8.7,-1.5,-16.4,.447,.338,.293
JorgeDeLaRosa2014,0.0,4.10,139,104,4.34,1.237,3.3,6.8,14,11,184.1,84,.238,.707,18.1,8.7,-0.2,-0.2,.394,.313,.268
RADickey2014,0.0,3.71,173,102,4.32,1.229,3.1,7.2,14,13,215.2,89,.233,.705,18.9,8.1,-1.5,-7.8,.399,.306,.264
RoenisElias2014,0.0,3.85,143,95,4.03,1.314,3.5,7.9,10,12,163.2,70,.248,.713,20.6,9.2,0.2,-1.1,.385,.328,.297
NathanEovaldi2014,0.0,4.37,142,85,3.37,1.332,1.9,6.4,6,14,199.2,97,.282,.732,16.6,5.0,-1.7,-16.3,.409,.323,.327
ScottFeldman2014,0.0,3.74,107,103,4.11,1.303,2.5,5.3,8,12,180.1,75,.266,.725,14.0,6.5,0.6,2.5,.403,.322,.292
DougFister2014,5.0,2.41,98,155,3.93,1.079,1.3,5.4,16,6,164.0,44,.246,.654,14.8,3.6,2.8,20.5,.374,.280,.265
YovaniGallardo2014,0.0,3.51,146,108,3.94,1.295,2.5,6.8,8,11,192.1,75,.261,.698,17.9,6.6,0.7,-0.3,.385,.313,.298
MattGarza2014,0.0,3.64,126,104,3.54,1.182,2.8,6.9,8,8,163.1,66,.233,.644,18.5,7.4,0.2,-1.6,.351,.294,.273
KyleGibson2014,0.0,4.47,107,87,3.80,1.310,2.9,5.4,13,12,179.1,89,.258,.679,14.1,7.5,0.5,-3.5,.365,.315,.289
SonnyGray2014,0.0,3.08,183,120,3.46,1.192,3.0,7.5,14,10,219.0,75,.232,.627,20.4,8.2,1.5,16.0,.327,.301,.281
ZackGreinke2014,6.0,2.71,207,129,2.97,1.152,1.9,9.2,17,8,202.1,61,.247,.660,25.2,5.2,1.7,19.1,.373,.287,.312
JeremyGuthrie2014,0.0,4.13,124,95,4.32,1.303,2.2,5.5,13,11,202.2,93,.272,.728,14.4,5.7,-0.6,-6.1,.406,.323,.294
ColeHamels2014,17.0,2.46,198,152,3.07,1.148,2.6,8.7,9,9,204.2,56,.235,.641,23.9,7.1,2.7,29.6,.345,.296,.298
JasonHammel2014,0.0,3.47,158,108,3.92,1.123,2.2,8.1,10,11,176.1,68,.235,.680,22.1,6.2,0.6,7.5,.390,.289,.273
AaronHarang2014,0.0,3.57,161,100,3.57,1.400,3.1,7.1,12,12,204.1,81,.273,.723,18.4,8.1,0.4,-2.1,.391,.332,.324
DanHaren2014,0.0,4.02,145,87,4.09,1.177,1.7,7.0,13,11,186.0,83,.252,.718,18.7,4.6,-1.7,-17.5,.429,.289,.280
FelixHernandez2014,159.0,2.14,248,170,2.56,0.915,1.8,9.5,15,6,236.0,56,.200,.546,27.2,5.0,4.0,39.9,.303,.243,.260
RobertoHernandez2014,0.0,4.10,105,90,4.85,1.391,4.0,5.7,8,11,164.2,75,.250,.742,14.5,10.1,-2.0,-13.4,.408,.334,.271
TimHudson2014,0.0,3.57,120,97,3.54,1.231,1.6,5.7,9,13,189.1,75,.270,.713,15.2,4.3,-0.1,-1.5,.407,.306,.303
PhilHughes2014,6.0,3.52,186,111,2.65,1.130,0.7,8.0,16,10,209.2,82,.268,.674,21.8,1.9,1.4,14.0,.390,.284,.326
DrewHutchison2014,0.0,4.48,184,85,3.85,1.262,2.9,9.0,11,13,184.2,92,.245,.723,23.4,7.6,-0.2,-4.3,.416,.307,.295
HisashiIwakuma2014,0.0,3.52,154,103,3.25,1.050,1.1,7.7,15,9,179.0,70,.244,.642,21.7,3.0,2.0,12.2,.374,.268,.287
ScottKazmir2014,0.0,3.55,164,105,3.35,1.161,2.4,7.8,15,9,190.1,75,.238,.648,21.1,6.4,0.4,7.9,.357,.291,.288
KyleKendrick2014,0.0,4.61,121,81,4.57,1.362,2.6,5.5,10,13,199.0,102,.276,.769,14.0,6.6,-2.4,-15.5,.436,.333,.298
IanKennedy2014,0.0,3.63,207,93,3.21,1.289,3.1,9.3,13,13,201.0,81,.250,.698,24.5,8.3,-0.4,0.2,.384,.314,.320
ClaytonKershaw2014,210.0,1.77,239,197,1.81,0.857,1.4,10.8,21,3,198.1,39,.196,.521,31.9,4.1,5.3,45.6,.289,.231,.281
DallasKeuchel2014,0.0,2.93,146,132,3.21,1.175,2.2,6.6,12,9,200.0,65,.252,.655,18.1,5.9,0.4,23.4,.353,.302,.298
CoreyKluber2014,169.0,2.44,269,160,2.35,1.095,1.9,10.3,18,9,235.2,64,.233,.624,28.3,5.4,3.7,36.3,.345,.279,.318
TomKoehler2014,0.0,3.81,153,97,3.84,1.296,3.3,7.2,10,10,191.1,81,.248,.691,19.1,8.8,-0.3,3.0,.371,.320,.293
HirokiKuroda2014,0.0,3.71,146,103,3.60,1.136,1.6,6.6,11,9,199.0,82,.249,.668,17.8,4.3,0.7,1.6,.382,.286,.282
JohnLackey2014,0.0,3.82,164,102,3.78,1.278,2.1,7.5,14,10,198.0,84,.265,.731,19.7,5.6,0.2,-3.0,.424,.307,.308
MikeLeake2014,0.0,3.70,164,99,3.88,1.246,2.1,6.9,11,13,214.1,88,.263,.730,18.2,5.5,-0.3,0.8,.417,.313,.301
JonLester2014,46.0,2.46,220,158,2.80,1.102,2.0,9.0,16,11,219.2,60,.236,.635,24.9,5.4,3.2,28.2,.354,.281,.302
ColbyLewis2014,0.0,5.18,133,77,4.46,1.521,2.5,7.0,10,14,170.1,98,.304,.840,17.5,6.3,-2.0,-25.7,.488,.352,.341
FranciscoLiriano2014,0.0,3.38,175,106,3.59,1.300,4.5,9.7,7,10,162.1,61,.218,.645,25.3,11.7,0.4,3.1,.331,.314,.284
KyleLohse2014,0.0,3.54,141,107,3.95,1.150,2.0,6.4,13,9,198.1,78,.246,.682,17.3,5.5,0.3,1.2,.389,.292,.272
LanceLynn2014,0.0,2.74,181,133,3.35,1.262,3.2,8.0,15,10,203.2,62,.238,.662,20.9,8.3,1.9,20.1,.355,.307,.293
BrandonMcCarthy2014,0.0,4.05,175,94,3.55,1.275,1.5,7.9,10,15,200.0,90,.280,.746,20.9,4.0,-0.9,-10.0,.436,.310,.330
WadeMiley2014,0.0,4.34,183,86,3.98,1.401,3.4,8.2,8,12,201.1,97,.269,.746,21.1,8.7,-1.3,-11.7,.413,.333,.321
ShelbyMiller2014,0.0,3.74,127,97,4.54,1.273,3.6,6.2,10,9,183.0,76,.236,.698,16.6,9.6,0.6,1.2,.388,.310,.259
JonNiese2014,0.0,3.40,138,101,3.67,1.268,2.2,6.6,9,11,187.2,71,.268,.722,17.6,5.7,0.2,-0.5,.406,.316,.309
HectorNoesi2014,0.0,4.75,123,79,4.83,1.369,2.9,6.4,8,12,172.1,91,.271,.774,16.8,7.6,-1.9,-19.0,.447,.326,.292
BudNorris2014,0.0,3.65,139,108,4.22,1.216,2.8,7.6,15,8,165.1,67,.242,.710,20.2,7.6,0.6,8.8,.396,.313,.280
JakeOdorizzi2014,0.0,4.13,174,90,3.75,1.280,3.2,9.3,11,13,168.0,77,.242,.692,24.2,8.2,-0.1,-1.5,.385,.307,.297
JakePeavy2014,0.0,3.73,158,101,4.11,1.278,2.8,7.0,7,13,202.2,84,.258,.742,18.5,7.4,-0.4,2.3,.424,.318,.293
WilyPeralta2014,0.0,3.53,154,107,4.11,1.304,2.8,7.0,17,11,198.2,78,.261,.714,18.4,7.3,0.4,1.0,.393,.321,.300
RickPorcello2014,0.0,3.43,129,113,3.67,1.231,1.8,5.7,15,13,204.2,78,.268,.712,15.4,4.9,0.6,5.5,.406,.306,.299
DavidPrice2014,16.0,3.26,271,115,2.78,1.079,1.4,9.8,15,12,248.1,90,.240,.647,26.9,3.8,2.2,13.0,.375,.272,.308
JoseQuintana2014,0.0,3.32,178,113,2.81,1.243,2.3,8.0,9,11,200.1,74,.257,.662,21.5,6.3,0.8,9.4,.358,.304,.320
GarrettRichards2014,0.0,2.61,164,138,2.60,1.038,2.7,8.8,13,4,168.2,49,.201,.529,24.2,7.5,2.1,24.5,.261,.268,.264
TannerRoark2014,0.0,2.85,138,131,3.47,1.092,1.8,6.3,15,10,198.2,63,.239,.632,17.3,4.9,2.4,24.3,.351,.281,.273
TysonRoss2014,0.0,2.81,195,120,3.24,1.211,3.3,9.0,13,14,195.2,61,.230,.634,24.0,8.9,-0.1,5.5,.327,.307,.297
ChrisSale2014,78.0,2.17,208,173,2.57,0.966,2.0,10.8,12,4,174.0,42,.205,.567,30.4,5.7,3.5,33.0,.305,.262,.282
JeffSamardzija2014,0.0,2.99,202,125,3.20,1.065,1.8,8.3,7,13,219.2,73,.234,.646,23.0,4.9,1.4,11.7,.367,.279,.285
ErvinSantana2014,0.0,3.95,179,90,3.39,1.306,2.9,8.2,14,10,196.0,86,.266,.724,21.9,7.7,0.2,-4.0,.401,.323,.326
MaxScherzer2014,32.0,3.15,252,123,2.85,1.175,2.6,10.3,18,5,220.1,77,.238,.663,27.9,7.0,3.2,22.2,.368,.294,.317
JamesShields2014,0.0,3.21,180,123,3.59,1.181,1.7,7.1,14,8,227.0,81,.256,.702,19.2,4.7,1.2,13.6,.404,.298,.296
AlfredoSimon2014,0.0,3.44,127,107,4.33,1.207,2.6,5.8,15,10,196.1,75,.245,.690,15.5,6.9,1.5,6.6,.383,.307,.268
StephenStrasburg2014,3.0,3.14,242,119,2.94,1.121,1.8,10.1,14,11,215.0,75,.245,.672,27.9,5.0,0.9,11.3,.385,.286,.321
EricStults2014,0.0,4.30,111,79,4.63,1.375,2.3,5.7,8,17,176.0,84,.283,.778,14.6,5.9,-2.0,-18.0,.450,.328,.303
JulioTeheran2014,0.0,2.89,186,123,3.49,1.081,2.1,7.6,14,13,221.0,71,.232,.639,21.0,5.8,1.7,14.8,.360,.279,.273
ChrisTillman2014,0.0,3.34,150,118,4.01,1.230,2.9,6.5,13,6,207.1,77,.238,.671,17.2,7.6,1.7,14.6,.373,.298,.268
JasonVargas2014,0.0,3.71,128,106,3.84,1.273,2.0,6.2,11,10,187.0,77,.267,.713,16.2,5.2,0.8,9.4,.403,.310,.300
YordanoVentura2014,0.0,3.20,159,123,3.60,1.295,3.4,7.8,14,10,183.0,65,.240,.669,20.3,8.8,1.1,13.2,.358,.311,.289
JustinVerlander2014,0.0,4.54,159,85,3.74,1.398,2.8,6.9,15,12,206.0,104,.275,.756,17.8,7.3,-1.9,-12.6,.426,.330,.320
RyanVogelsong2014,0.0,4.00,151,86,3.85,1.278,2.8,7.4,8,13,184.2,82,.254,.730,19.4,7.4,-0.7,-8.0,.411,.318,.300
EdinsonVolquez2014,0.0,3.04,140,118,4.15,1.230,3.3,6.5,13,7,192.2,65,.235,.674,17.3,8.8,0.9,10.4,.359,.315,.269
AdamWainwright2014,97.0,2.38,179,153,2.88,1.031,2.0,7.1,20,9,227.0,60,.222,.580,19.9,5.6,4.3,38.6,.310,.271,.270
JeredWeaver2014,0.0,3.59,169,100,4.19,1.209,2.7,7.1,18,9,213.1,85,.239,.684,19.0,7.3,1.6,10.0,.385,.299,.269
ZackWheeler2014,0.0,3.54,187,97,3.55,1.327,3.8,9.1,11,11,185.1,73,.240,.678,23.6,10.0,0.5,-4.9,.352,.326,.307
CJWilson2014,0.0,4.51,151,80,4.31,1.446,4.4,7.7,13,10,175.2,88,.258,.724,19.8,11.2,-2.4,-17.6,.374,.350,.308
AlexWood2014,0.0,2.78,170,128,3.25,1.142,2.4,8.9,11,11,171.2,53,.239,.651,24.5,6.5,1.7,19.2,.357,.294,.300
TravisWood2014,0.0,5.03,146,75,4.38,1.532,3.9,7.6,8,13,173.2,97,.277,.782,18.7,9.7,-2.5,-31.2,.429,.353,.324
ChrisYoung2014,0.0,3.65,108,100,5.02,1.230,3.3,5.9,12,9,165.0,67,.234,.733,15.7,8.7,0.0,3.4,.431,.301,.240
JordanZimmermann2014,25.0,2.66,182,141,2.68,1.072,1.3,8.2,14,5,199.2,59,.244,.631,22.8,3.6,1.1,22.4,.354,.277,.304
BrettAnderson2015,0.0,3.69,116,100,3.94,1.331,2.3,5.8,10,9,180.1,74,.278,.726,15.5,6.1,-0.2,0.7,.402,.324,.312
ChrisArcher2015,29.0,3.23,252,121,2.90,1.137,2.8,10.7,12,13,212.0,76,.220,.613,29.0,7.6,2.1,17.7,.331,.282,.297
JakeArrieta2015,169.0,1.77,236,215,2.35,0.865,1.9,9.3,22,6,229.0,45,.185,.507,27.1,5.5,5.7,53.4,.271,.236,.247
TrevorBauer2015,0.0,4.55,170,95,4.33,1.313,4.0,8.7,11,12,176.0,89,.232,.713,22.9,10.6,0.9,-1.3,.394,.319,.279
MarkBuehrle2015,0.0,3.81,91,108,4.26,1.243,1.5,4.1,15,8,198.2,84,.279,.751,11.0,4.0,-0.4,-1.3,.440,.311,.289
MadisonBumgarner2015,8.0,2.93,234,131,2.87,1.008,1.6,9.6,18,9,218.1,71,.222,.612,26.9,4.5,2.9,27.5,.349,.263,.284
AJBurnett2015,0.0,3.18,143,122,3.36,1.360,2.7,7.8,9,7,164.0,58,.275,.716,20.5,7.0,1.9,11.6,.381,.336,.337
CarlosCarrasco2015,2.0,3.63,216,119,2.84,1.073,2.1,10.6,14,12,183.2,74,.228,.646,29.6,5.9,1.9,13.6,.369,.277,.304
AndrewCashner2015,0.0,4.34,165,86,3.85,1.440,3.2,8.0,6,16,184.2,89,.279,.772,20.5,8.2,-3.3,-25.4,.430,.342,.335
Wei-YinChen2015,0.0,3.34,153,123,4.16,1.218,1.9,7.2,11,8,191.1,71,.262,.758,19.3,5.2,1.2,13.1,.456,.302,.293
GerritCole2015,40.0,2.60,202,149,2.66,1.091,1.9,8.7,19,8,208.0,60,.239,.623,24.3,5.3,2.4,23.9,.336,.287,.308
BartoloColon2015,0.0,4.16,136,91,3.84,1.238,1.1,6.3,14,13,194.2,90,.281,.741,16.7,2.9,-0.1,-3.1,.437,.304,.311
JohnnyCueto2015,0.0,3.44,176,118,3.53,1.132,2.0,7.5,11,13,212.0,81,.242,.675,20.3,5.3,1.6,16.1,.387,.288,.284
JohnDanks2015,0.0,4.71,124,83,4.49,1.413,2.8,6.3,7,15,177.2,93,.281,.800,16.2,7.3,-2.3,-19.5,.466,.334,.309
RubbyDeLaRosa2015,0.0,4.67,150,88,4.81,1.357,3.0,7.2,14,9,188.2,98,.265,.781,18.5,7.8,-0.7,-13.2,.457,.325,.292
JacobdeGrom2015,7.0,2.54,205,149,2.70,0.979,1.8,9.7,14,8,191.0,54,.215,.574,27.3,5.1,3.3,29.2,.318,.255,.277
AnthonyDeSclafani2015,0.0,4.05,151,98,3.67,1.348,2.7,7.4,9,13,184.2,83,.273,.742,19.2,7.0,-0.9,-2.9,.414,.328,.324
RADickey2015,0.0,3.91,126,105,4.48,1.194,2.6,5.3,11,11,214.1,93,.244,.708,14.3,6.9,0.4,8.2,.405,.303,.258
MarcoEstrada2015,3.0,3.13,131,131,4.40,1.044,2.7,6.5,13,8,181.0,63,.203,.633,18.1,7.6,2.6,22.0,.364,.269,.217
MikeFiers2015,0.0,3.69,180,107,4.03,1.253,3.2,9.0,7,10,180.1,74,.238,.713,23.7,8.4,-0.4,-1.1,.407,.306,.285
YovaniGallardo2015,0.0,3.42,121,124,4.00,1.416,3.3,5.9,13,11,184.1,70,.268,.729,15.3,8.6,1.6,14.8,.399,.331,.303
KyleGibson2015,0.0,3.84,145,106,3.96,1.289,3.0,6.7,11,11,194.2,83,.252,.698,17.7,7.9,0.5,5.8,.381,.317,.290
GioGonzalez2015,0.0,3.79,169,104,3.05,1.423,3.5,8.7,11,8,175.2,74,.269,.711,22.3,9.1,-0.4,1.0,.374,.336,.343
SonnyGray2015,82.0,2.73,169,143,3.45,1.082,2.6,7.3,14,7,208.0,63,.217,.590,20.3,7.1,3.5,29.4,.316,.273,.256
ZackGreinke2015,147.0,1.66,200,222,2.76,0.844,1.6,8.1,19,3,222.2,41,.187,.507,23.7,4.7,6.8,57.0,.276,.231,.232
ColeHamels2015,0.0,3.65,215,110,3.47,1.187,2.6,9.1,13,8,212.1,86,.238,.669,24.4,7.1,1.4,13.7,.369,.300,.297
JasonHammel2015,0.0,3.74,172,102,3.68,1.160,2.1,9.1,10,7,170.2,71,.242,.714,24.2,5.6,-0.2,-1.3,.425,.289,.290
JAHapp2015,0.0,3.61,151,107,3.41,1.267,2.4,7.9,11,8,172.0,69,.259,.698,21.1,6.3,0.9,7.7,.391,.308,.313
AaronHarang2015,0.0,4.86,108,79,4.83,1.393,2.7,5.6,6,15,172.1,93,.278,.802,14.4,6.8,-1.8,-21.0,.470,.332,.297
DanHaren2015,0.0,3.60,132,106,4.61,1.132,1.8,6.3,11,9,187.1,75,.245,.734,17.2,5.0,0.6,9.7,.444,.289,.260
MattHarvey2015,0.0,2.71,188,140,3.05,1.019,1.8,8.9,13,8,189.1,57,.222,.609,24.9,4.9,3.0,23.1,.344,.265,.277
KyleHendricks2015,0.0,3.95,167,96,3.36,1.161,2.2,8.4,8,7,180.0,79,.244,.677,22.6,5.8,0.3,-0.7,.380,.296,.300
FelixHernandez2015,9.0,3.53,191,108,3.72,1.180,2.6,8.5,18,9,201.2,79,.240,.682,23.1,7.0,3.0,15.0,.381,.301,.291
ChrisHeston2015,0.0,3.95,141,97,4.02,1.311,3.2,7.1,12,11,177.2,78,.253,.728,18.9,8.6,-0.3,-3.3,.397,.331,.300
UbaldoJimenez2015,0.0,4.11,168,100,4.01,1.359,3.3,8.2,12,10,184.0,84,.257,.728,21.2,8.6,-0.1,2.6,.397,.330,.310
ScottKazmir2015,0.0,3.10,155,126,3.98,1.208,2.9,7.6,7,11,183.0,63,.237,.678,20.3,7.7,0.6,10.0,.374,.303,.276
IanKennedy2015,0.0,4.28,174,87,4.51,1.295,2.8,9.3,9,15,168.1,80,.258,.816,24.4,7.3,-2.0,-20.7,.497,.319,.306
ClaytonKershaw2015,101.0,2.13,301,173,1.99,0.881,1.6,11.6,16,7,232.2,55,.194,.521,33.8,4.7,5.1,47.4,.284,.237,.283
DallasKeuchel2015,186.0,2.48,216,157,2.91,1.017,2.0,8.4,20,8,232.0,64,.217,.575,23.7,5.6,4.1,39.8,.314,.262,.269
CoreyKluber2015,4.0,3.49,245,123,2.97,1.054,1.8,9.9,9,16,222.0,86,.231,.650,27.7,5.1,1.7,21.8,.371,.279,.300
TomKoehler2015,0.0,4.08,137,93,4.53,1.372,3.7,6.6,11,14,187.1,85,.255,.739,17.1,9.6,-1.5,-13.5,.408,.331,.286
JohnLackey2015,1.0,2.77,175,142,3.57,1.211,2.2,7.2,13,10,218.0,67,.256,.679,19.5,5.9,3.4,29.8,.376,.303,.301
MikeLeake2015,0.0,3.70,119,106,4.20,1.161,2.3,5.6,11,10,192.0,79,.243,.686,15.3,6.3,1.8,7.9,.393,.293,.263
JonLester2015,0.0,3.34,207,114,2.92,1.122,2.1,9.1,11,12,205.0,76,.240,.661,25.0,5.7,2.1,9.7,.373,.288,.306
ColbyLewis2015,0.0,4.66,142,91,4.17,1.236,1.8,6.2,17,9,204.2,106,.266,.738,16.5,4.9,-0.3,-11.3,.430,.308,.291
FranciscoLiriano2015,0.0,3.38,205,115,3.19,1.205,3.4,9.9,12,7,186.2,70,.223,.631,26.5,9.1,0.6,9.2,.332,.298,.294
JeffLocke2015,0.0,4.49,129,86,3.95,1.420,3.2,6.9,8,11,168.1,84,.274,.735,17.5,8.2,-2.6,-17.3,.398,.337,.317
LanceLynn2015,0.0,3.03,167,129,3.44,1.369,3.5,8.6,12,11,175.1,59,.258,.708,22.2,9.1,1.5,16.0,.378,.330,.325
CarlosMartinez2015,0.0,3.01,184,130,3.21,1.286,3.2,9.2,14,7,179.2,60,.250,.687,24.4,8.3,2.1,18.5,.367,.320,.324
CollinMcHugh2015,5.0,3.89,171,100,3.58,1.277,2.3,7.6,19,7,203.2,88,.263,.705,19.9,6.2,1.6,10.4,.390,.315,.312
WadeMiley2015,0.0,4.46,147,96,3.81,1.368,3.0,6.8,11,11,193.2,96,.265,.740,17.7,7.7,-0.5,-3.6,.416,.325,.309
ShelbyMiller2015,0.0,3.02,171,127,3.45,1.247,3.2,7.5,6,17,205.1,69,.238,.663,19.9,8.5,0.0,12.1,.355,.308,.289
JimmyNelson2015,0.0,4.11,148,96,4.10,1.286,3.3,7.5,11,13,177.1,81,.246,.704,19.7,8.6,-0.9,-6.0,.382,.322,.288
JonNiese2015,0.0,4.13,113,92,4.41,1.398,2.8,5.8,9,10,176.2,81,.280,.764,14.7,7.1,-0.8,-12.0,.424,.340,.309
JakeOdorizzi2015,0.0,3.35,150,117,3.61,1.152,2.4,8.0,9,9,169.1,63,.231,.680,21.4,6.6,1.2,15.6,.396,.284,.273
MikePelfrey2015,0.0,4.26,86,95,4.00,1.476,2.5,4.7,6,11,164.2,78,.304,.772,12.0,6.3,-0.2,-7.0,.413,.359,.336
RickPorcello2015,0.0,4.92,149,87,4.13,1.360,2.0,7.8,9,15,172.0,94,.287,.787,20.2,5.2,-1.2,-16.5,.455,.332,.333
DavidPrice2015,143.0,2.45,225,164,2.78,1.076,1.9,9.2,18,5,220.1,60,.230,.621,25.3,5.3,3.7,36.0,.350,.271,.292
JoseQuintana2015,0.0,3.36,177,116,3.18,1.270,1.9,7.7,9,10,206.1,77,.272,.722,20.5,5.1,1.1,16.7,.408,.315,.330
ErasmoRamirez2015,0.0,3.75,126,104,3.76,1.133,2.2,6.9,11,6,163.1,68,.236,.655,18.9,6.0,0.9,6.5,.363,.292,.273
GarrettRichards2015,0.0,3.65,176,104,3.86,1.240,3.3,7.6,15,12,207.1,84,.236,.664,20.4,8.8,0.1,2.1,.359,.305,.277
TysonRoss2015,0.0,3.26,212,114,2.98,1.306,3.9,9.7,10,12,196.0,71,.237,.652,25.8,10.2,0.5,13.6,.330,.322,.321
CCSabathia2015,0.0,4.73,137,86,4.68,1.422,2.7,7.4,6,10,167.1,88,.285,.797,18.9,6.9,-1.4,-6.9,.458,.338,.320
DannySalazar2015,0.0,3.45,195,125,3.62,1.130,2.6,9.5,14,10,185.0,71,.226,.673,25.8,7.0,0.7,15.5,.387,.286,.279
ChrisSale2015,30.0,3.41,274,114,2.73,1.088,1.8,11.8,13,11,208.2,79,.233,.649,32.1,4.9,2.2,9.4,.368,.282,.324
JeffSamardzija2015,0.0,4.96,163,79,4.23,1.294,2.1,6.9,11,13,214.0,118,.273,.765,17.9,5.4,-0.7,-15.4,.446,.319,.305
HectorSantiago2015,0.0,3.59,162,105,4.77,1.256,3.5,8.1,9,9,180.2,72,.227,.723,20.9,9.2,-0.6,3.3,.416,.307,.254
MaxScherzer2015,32.0,2.79,276,142,2.77,0.918,1.3,10.9,14,12,228.2,71,.208,.600,30.7,3.8,3.2,34.8,.358,.242,.273
JamesShields2015,0.0,3.91,216,95,4.45,1.334,3.6,9.6,13,7,202.1,88,.248,.776,25.1,9.4,-0.4,2.4,.450,.327,.303
AlfredoSimon2015,0.0,5.05,117,79,4.77,1.439,3.3,5.6,13,12,187.0,105,.276,.808,14.3,8.3,-1.5,-15.9,.466,.342,.298
JulioTeheran2015,0.0,4.04,171,95,4.40,1.306,3.3,7.7,11,8,200.2,90,.253,.737,20.3,8.7,0.6,-5.3,.412,.325,.293
ChrisTillman2015,0.0,4.99,120,82,4.45,1.387,3.3,6.2,11,11,173.0,96,.267,.763,16.2,8.6,0.1,-4.4,.430,.332,.295
YordanoVentura2015,0.0,4.08,156,103,3.57,1.298,3.2,8.6,13,8,163.1,74,.248,.698,22.5,8.4,0.4,6.4,.378,.319,.308
EdinsonVolquez2015,0.0,3.55,155,118,3.82,1.308,3.2,7.0,13,9,200.1,79,.251,.692,18.2,8.5,0.5,12.8,.372,.320,.293
MichaelWacha2015,0.0,3.38,153,116,3.87,1.213,2.9,7.6,17,7,181.1,68,.236,.672,20.1,7.6,1.6,11.3,.373,.300,.276
TaijuanWalker2015,0.0,4.56,157,84,4.07,1.196,2.1,8.3,11,8,169.2,86,.252,.717,22.2,5.7,-0.2,-9.1,.415,.302,.293
AlexWood2015,0.0,3.84,139,99,3.69,1.355,2.8,6.6,12,12,189.2,81,.275,.724,17.4,7.4,1.3,7.6,.392,.332,.322
JordanZimmermann2015,0.0,3.66,164,108,3.75,1.205,1.7,7.3,13,10,201.2,82,.264,.699,19.7,4.7,0.2,5.7,.394,.305,.306
ChrisArcher2016,0.0,4.02,233,100,3.81,1.242,3.0,10.4,9,19,201.1,90,.238,.703,27.4,7.9,-0.5,2.9,.403,.300,.300
JakeArrieta2016,2.0,3.10,190,135,3.52,1.084,3.5,8.7,18,8,197.1,68,.194,.583,23.9,9.6,2.1,27.9,.306,.277,.242
TrevorBauer2016,0.0,4.26,168,106,3.99,1.311,3.3,8.0,12,8,190.0,90,.248,.712,20.7,8.6,0.6,2.8,.393,.320,.294
ChadBettis2016,0.0,4.79,138,101,4.26,1.414,2.9,6.7,14,8,186.0,99,.278,.775,17.0,7.3,-0.5,-7.8,.439,.336,.315
MadisonBumgarner2016,46.0,2.74,251,146,3.24,1.028,2.1,10.0,15,9,226.2,69,.213,.619,27.5,5.9,3.2,29.7,.354,.265,.268
BartoloColon2016,0.0,3.43,128,117,3.99,1.210,1.5,6.0,15,8,191.2,73,.268,.729,16.2,4.1,1.3,10.1,.430,.300,.295
JohnnyCueto2016,19.0,2.79,198,144,2.95,1.093,1.8,8.1,18,5,219.2,68,.238,.633,22.5,5.1,4.9,34.8,.350,.284,.296
ZachDavies2016,0.0,3.97,135,107,3.89,1.249,2.1,7.4,11,7,163.1,72,.263,.728,19.8,5.6,0.7,3.9,.418,.309,.304
RADickey2016,0.0,4.46,126,96,5.03,1.367,3.3,6.7,10,15,169.2,84,.258,.788,17.3,8.7,-1.8,-12.2,.461,.327,.280
DannyDuffy2016,0.0,3.51,188,123,3.83,1.141,2.1,9.4,12,3,179.2,70,.241,.710,25.7,5.8,2.2,18.3,.419,.292,.294
JeradEickhoff2016,0.0,3.65,167,115,4.19,1.160,1.9,7.6,11,14,197.1,80,.251,.740,20.6,5.2,0.4,7.9,.446,.294,.281
MarcoEstrada2016,0.0,3.48,165,122,4.15,1.119,3.3,8.4,9,9,176.0,68,.203,.639,22.8,9.0,2.1,17.8,.361,.278,.234
JoseFernandez2016,18.0,2.86,253,137,2.30,1.119,2.7,12.5,16,8,182.1,58,.224,.624,34.3,7.5,3.4,25.0,.336,.288,.337
MikeFiers2016,0.0,4.48,134,88,4.43,1.358,2.2,7.2,11,8,168.2,84,.280,.801,18.5,5.8,0.1,-5.7,.474,.327,.314
BrandonFinnegan2016,0.0,3.98,145,107,5.19,1.360,4.4,7.6,10,11,172.0,76,.236,.748,19.8,11.4,-0.7,-2.5,.421,.326,.259
DougFister2016,0.0,4.64,115,84,4.75,1.425,3.1,5.7,12,13,180.1,93,.276,.788,14.8,8.0,-0.1,-5.5,.449,.339,.300
JaimeGarcia2016,0.0,4.67,150,87,4.49,1.375,3.0,7.9,10,13,171.2,89,.268,.779,20.2,7.7,-1.0,-6.3,.448,.331,.310
KevinGausman2016,0.0,3.61,174,119,4.10,1.280,2.4,8.7,9,12,179.2,72,.262,.742,23.0,6.2,1.4,15.9,.430,.312,.311
GioGonzalez2016,0.0,4.57,171,93,3.76,1.342,3.0,8.7,11,11,177.1,90,.262,.730,22.4,7.7,-0.8,-10.8,.404,.326,.321
KendallGraveman2016,0.0,4.11,108,99,4.39,1.306,2.3,5.2,10,11,186.0,85,.271,.734,13.7,6.0,0.0,3.1,.415,.319,.290
JonGray2016,0.0,4.61,185,105,3.60,1.262,3.2,9.9,10,10,168.0,86,.243,.703,26.0,8.3,-0.2,-0.9,.386,.317,.313
ColeHamels2016,0.0,3.32,200,137,3.98,1.306,3.5,9.0,15,5,200.2,74,.243,.699,23.6,9.1,2.1,17.5,.380,.319,.299
JasonHammel2016,0.0,3.83,144,109,4.48,1.206,2.9,7.8,15,10,166.2,71,.239,.729,20.8,7.7,1.4,3.6,.423,.307,.271
JAHapp2016,0.0,3.18,163,134,3.96,1.169,2.8,7.5,20,4,195.0,69,.231,.665,20.5,7.5,2.6,28.4,.371,.295,.269
JeremyHellickson2016,0.0,3.71,154,113,3.98,1.153,2.1,7.3,12,10,189.0,78,.243,.709,20.0,5.8,0.1,6.3,.418,.292,.276
KyleHendricks2016,85.0,2.13,170,196,3.20,0.979,2.1,8.1,16,8,190.0,45,.207,.581,22.8,5.9,4.3,43.3,.319,.262,.252
HisashiIwakuma2016,0.0,4.12,147,98,4.27,1.327,2.1,6.6,16,12,199.0,91,.282,.776,17.6,5.5,0.8,4.7,.452,.324,.315
IanKennedy2016,0.0,3.68,184,117,4.67,1.221,3.0,8.5,11,11,195.2,80,.236,.722,22.5,8.1,1.5,17.3,.413,.308,.269
DallasKeuchel2016,0.0,4.55,144,86,3.87,1.286,2.6,7.7,9,12,168.0,85,.259,.736,20.5,6.9,-0.3,-6.3,.424,.312,.305
CoreyKluber2016,98.0,3.14,227,144,3.26,1.056,2.4,9.5,18,9,215.0,75,.216,.631,26.4,6.6,2.5,32.0,.357,.274,.274
TomKoehler2016,0.0,4.33,147,91,4.60,1.466,4.2,7.5,9,13,176.2,85,.261,.764,19.0,10.7,-0.1,-3.1,.421,.344,.301
JohnLackey2016,0.0,3.35,180,125,3.81,1.057,2.5,8.6,11,8,188.1,70,.218,.645,24.1,7.1,1.0,22.0,.364,.281,.259
MikeLeake2016,0.0,4.69,125,87,3.83,1.319,1.5,6.4,9,12,176.2,92,.288,.756,16.5,4.0,-1.5,-16.3,.437,.319,.321
JonLester2016,102.0,2.44,197,171,3.41,1.016,2.3,8.7,19,5,202.2,55,.211,.602,24.8,6.5,5.0,42.1,.334,.268,.258
FranciscoLiriano2016,0.0,4.69,168,89,4.89,1.485,4.7,9.3,8,13,163.0,85,.252,.773,23.0,11.6,-1.4,-15.0,.426,.347,.300
KentaMaeda2016,0.0,3.48,179,115,3.58,1.139,2.6,9.2,16,11,175.2,68,.229,.649,25.0,7.0,1.2,13.3,.359,.291,.283
CarlosMartinez2016,0.0,3.04,174,133,3.61,1.224,3.2,8.0,16,9,195.1,66,.233,.643,21.5,8.7,2.0,25.4,.333,.310,.287
CollinMcHugh2016,0.0,4.34,177,90,3.95,1.408,2.6,8.6,13,10,184.2,89,.282,.790,22.2,6.8,-0.1,0.9,.456,.334,.340
WadeMiley2016,0.0,5.37,137,77,4.45,1.422,2.7,7.4,9,13,166.0,99,.288,.808,19.3,6.9,-2.4,-16.7,.467,.341,.329
MattMoore2016,0.0,4.08,178,98,4.17,1.291,3.3,8.1,13,12,198.1,90,.245,.694,21.2,8.6,-0.7,2.2,.380,.314,.288
JimmyNelson2016,0.0,4.62,140,92,5.12,1.517,4.3,7.0,8,16,179.1,92,.268,.791,17.4,10.7,-2.2,-18.9,.430,.361,.303
RickyNolasco2016,0.0,4.42,144,94,4.14,1.245,2.0,6.6,8,14,197.2,97,.267,.744,17.6,5.4,-0.2,-0.8,.435,.308,.296
IvanNova2016,0.0,4.17,127,102,4.11,1.253,1.6,7.1,12,8,162.0,75,.275,.778,18.6,4.1,0.7,5.1,.465,.312,.309
JakeOdorizzi2016,0.0,3.69,166,108,4.31,1.194,2.6,8.0,10,6,187.2,77,.241,.715,21.5,7.0,0.9,11.0,.419,.296,.273
MartinPerez2016,0.0,4.39,103,104,4.49,1.414,3.4,4.7,10,11,198.2,97,.270,.741,12.1,8.9,-0.2,-5.4,.404,.337,.290
MichaelPineda2016,0.0,4.82,207,89,3.79,1.349,2.7,10.6,6,12,175.2,94,.266,.784,27.4,7.0,-0.4,-4.6,.462,.322,.340
DrewPomeranz2016,0.0,3.32,186,126,3.80,1.184,3.4,9.8,11,12,170.2,63,.217,.658,26.5,9.3,1.8,19.2,.368,.290,.270
RickPorcello2016,137.0,3.15,189,142,3.40,1.009,1.3,7.6,22,4,223.0,78,.230,.635,21.2,3.6,2.2,28.4,.367,.268,.269
DavidPrice2016,0.0,3.99,228,112,3.60,1.204,2.0,8.9,17,9,230.0,102,.258,.721,24.0,5.3,0.6,14.2,.420,.301,.314
JoseQuintana2016,1.0,3.20,181,126,3.56,1.163,2.2,7.8,13,12,208.0,74,.246,.687,21.6,6.0,2.7,27.8,.393,.295,.294
RobbieRay2016,0.0,4.90,218,91,3.76,1.468,3.7,11.3,8,15,174.1,95,.267,.770,28.1,9.2,-1.7,-10.6,.431,.339,.355
TannerRoark2016,1.0,2.83,172,151,3.79,1.171,3.1,7.4,16,10,210.0,66,.228,.634,20.1,8.5,3.4,31.6,.327,.307,.274
CarlosRodon2016,0.0,4.04,168,100,4.01,1.394,2.9,9.2,9,10,165.0,74,.273,.763,23.5,7.6,-0.1,-0.8,.430,.332,.333
CCSabathia2016,0.0,3.91,152,110,4.28,1.319,3.3,7.6,9,12,179.2,78,.250,.713,19.8,8.5,0.5,10.1,.390,.322,.291
ChrisSale2016,40.0,3.34,233,121,3.46,1.037,1.8,9.3,17,10,226.2,84,.227,.651,25.7,5.0,2.5,25.9,.372,.279,.281
JeffSamardzija2016,0.0,3.81,167,105,3.85,1.200,2.4,7.4,12,11,203.1,86,.249,.710,20.1,6.5,0.6,8.5,.412,.298,.288
AaronSanchez2016,6.0,3.00,161,142,3.55,1.167,3.0,7.5,15,2,192.0,64,.224,.625,20.4,8.0,3.3,31.6,.335,.290,.268
ErvinSantana2016,0.0,3.38,149,125,3.81,1.219,2.6,7.4,7,11,181.1,68,.245,.682,19.9,7.1,1.3,17.3,.381,.301,.285
HectorSantiago2016,0.0,4.70,144,87,5.31,1.363,3.9,7.1,13,10,182.0,95,.245,.774,18.3,10.1,-0.8,-9.7,.449,.324,.262
MaxScherzer2016,192.0,2.96,284,144,3.24,0.968,2.2,11.2,20,7,228.1,75,.199,.619,31.5,6.2,4.2,36.9,.365,.254,.259
JamesShields2016,0.0,5.85,135,69,6.01,1.596,4.1,6.7,6,19,181.2,118,.288,.891,16.4,10.0,-2.0,-29.9,.527,.364,.304
DrewSmyly2016,0.0,4.88,167,82,4.49,1.272,2.5,8.6,7,12,175.1,95,.259,.763,22.6,6.6,-1.8,-15.0,.456,.307,.294
DanStraily2016,0.0,3.76,162,113,4.88,1.186,3.4,7.6,14,8,191.1,80,.220,.712,20.5,9.2,1.8,14.3,.409,.303,.242
MarcusStroman2016,0.0,4.37,166,97,3.71,1.289,2.4,7.3,9,10,204.0,99,.264,.720,19.4,6.3,0.2,2.8,.407,.313,.310
NoahSyndergaard2016,15.0,2.60,218,155,2.29,1.149,2.1,10.7,14,9,183.2,53,.243,.639,29.3,5.8,2.9,29.4,.351,.287,.336
MasahiroTanaka2016,6.0,3.07,165,140,3.51,1.077,1.6,7.4,14,4,199.2,68,.236,.645,20.5,4.5,3.1,29.8,.373,.272,.273
JulioTeheran2016,0.0,3.21,167,129,3.69,1.053,2.0,8.0,7,10,188.0,67,.223,.650,22.0,5.4,2.4,23.2,.376,.275,.262
ChrisTillman2016,0.0,3.77,140,114,4.23,1.285,3.5,7.3,16,6,172.0,72,.244,.732,19.6,9.2,1.6,11.9,.412,.320,.283
JoshTomlin2016,0.0,4.40,118,103,4.88,1.190,1.0,6.1,13,9,174.0,85,.269,.778,16.3,2.8,-0.3,-4.5,.487,.291,.278
YordanoVentura2016,0.0,4.45,144,97,4.59,1.441,3.8,7.0,11,12,186.0,92,.263,.754,17.7,9.6,-0.5,-1.3,.415,.339,.298
JustinVerlander2016,132.0,3.04,254,140,3.48,1.001,2.3,10.0,16,9,227.2,77,.207,.630,28.1,6.3,3.9,37.3,.368,.263,.256
EdinsonVolquez2016,0.0,5.37,139,80,4.57,1.548,3.6,6.6,10,11,189.1,113,.286,.794,16.3,8.9,-1.4,-25.5,.439,.354,.322
AdamWainwright2016,0.0,4.62,161,88,3.93,1.404,2.7,7.3,13,9,198.2,102,.287,.785,19.0,7.0,-1.3,-10.0,.446,.338,.334
JeredWeaver2016,0.0,5.06,103,79,5.62,1.461,2.6,5.2,12,12,178.0,100,.297,.862,13.4,6.7,-2.3,-18.5,.517,.345,.302
ChrisArcher2017,0.0,4.07,249,103,3.40,1.259,2.7,11.1,10,12,201.0,91,.246,.710,29.2,7.0,-0.4,2.1,.407,.303,.325
JakeArrieta2017,0.0,3.53,163,124,4.16,1.218,2.9,8.7,14,10,168.1,66,.235,.716,23.1,7.8,0.8,5.5,.411,.305,.279
TrevorBauer2017,0.0,4.19,196,109,3.88,1.367,3.1,10.0,17,9,176.1,82,.266,.774,26.2,8.0,1.5,10.2,.446,.329,.338
TyBlach2017,0.0,4.78,73,89,4.42,1.356,2.4,4.0,8,12,163.2,87,.283,.766,10.6,6.2,-0.4,-1.1,.439,.327,.296
DylanBundy2017,0.0,4.24,152,102,4.38,1.196,2.7,8.1,13,9,169.2,80,.240,.721,21.8,7.3,0.8,8.9,.420,.301,.273
CarlosCarrasco2017,43.0,3.29,226,139,3.10,1.095,2.1,10.2,18,6,200.0,73,.235,.674,28.3,5.8,3.5,35.3,.386,.287,.308
AndrewCashner2017,0.0,3.40,86,142,4.61,1.320,3.5,4.6,11,11,166.2,63,.250,.692,12.2,9.1,1.7,21.0,.365,.326,.267
JhoulysChacin2017,0.0,3.89,153,108,4.26,1.270,3.6,7.6,13,10,180.1,78,.235,.693,20.0,9.4,1.4,8.0,.373,.320,.275
AlexCobb2017,0.0,3.66,128,115,4.16,1.221,2.2,6.4,12,10,179.1,73,.254,.709,17.3,5.9,2.3,15.5,.405,.304,.283
GerritCole2017,0.0,4.26,196,100,4.08,1.251,2.4,8.7,12,12,203.0,96,.254,.739,23.1,6.5,0.6,8.9,.434,.306,.301
PatrickCorbin2017,0.0,4.03,178,116,4.08,1.418,2.9,8.4,14,13,189.2,85,.276,.792,21.6,7.4,0.7,3.8,.461,.331,.329
YuDarvish2017,0.0,3.86,209,120,3.83,1.163,2.8,10.1,10,12,186.2,80,.228,.689,27.3,7.6,1.2,16.1,.397,.292,.284
ZachDavies2017,0.0,3.90,124,112,4.22,1.354,2.6,5.8,17,9,191.1,83,.275,.755,15.2,6.7,0.6,8.5,.424,.331,.306
JacobdeGrom2017,2.0,3.53,239,117,3.50,1.187,2.6,10.7,15,10,201.1,79,.237,.682,28.9,7.1,2.0,15.8,.389,.292,.306
RADickey2017,0.0,4.26,136,102,4.72,1.368,3.2,6.4,10,10,190.0,90,.266,.785,16.7,8.2,-0.8,0.3,.450,.334,.293
MarcoEstrada2017,0.0,4.98,176,90,4.61,1.382,3.4,8.5,10,9,186.0,103,.256,.785,21.8,8.8,-0.5,-6.2,.463,.322,.295
MichaelFulmer2017,0.0,3.83,114,117,3.67,1.154,2.2,6.2,10,12,164.2,70,.243,.644,16.9,5.9,0.6,7.5,.350,.294,.275
KevinGausman2017,0.0,4.68,179,93,4.48,1.495,3.4,8.6,11,12,186.2,97,.283,.808,21.9,8.7,0.8,-0.9,.459,.348,.337
GioGonzalez2017,18.0,2.96,188,152,3.93,1.179,3.5,8.4,15,9,201.0,66,.216,.642,22.7,9.6,3.6,36.3,.345,.298,.261
SonnyGray2017,0.0,3.55,153,122,3.90,1.207,3.2,8.5,10,12,162.1,64,.226,.668,22.6,8.4,-0.2,6.5,.374,.294,.270
ZackGreinke2017,52.0,3.20,215,147,3.31,1.072,2.0,9.6,17,7,202.1,72,.230,.659,26.8,5.6,2.9,29.5,.387,.272,.287
JasonHammel2017,0.0,5.29,145,85,4.37,1.425,2.4,7.2,8,13,180.1,106,.284,.773,18.0,6.0,-1.6,-12.1,.442,.331,.318
JeremyHellickson2017,0.0,5.43,96,80,5.77,1.262,2.6,5.3,8,11,164.0,99,.255,.808,13.8,6.8,-2.4,-22.4,.497,.312,.248
ClaytonKershaw2017,126.0,2.31,202,179,3.07,0.949,1.5,10.4,18,4,175.0,45,.212,.604,29.8,4.4,4.3,38.7,.357,.246,.270
CoreyKluber2017,204.0,2.25,265,202,2.50,0.869,1.6,11.7,18,4,203.2,51,.193,.556,34.1,4.6,4.8,54.7,.321,.235,.268
JohnLackey2017,0.0,4.59,149,96,5.30,1.277,2.8,7.9,12,12,170.2,87,.252,.785,20.4,7.3,-1.4,-6.1,.469,.316,.270
MikeLeake2017,0.0,3.92,130,108,3.90,1.280,1.8,6.3,10,13,186.0,81,.278,.742,16.6,4.7,0.3,2.4,.424,.318,.312
JonLester2017,0.0,4.33,180,101,4.10,1.323,3.0,9.0,13,8,180.2,87,.259,.750,23.6,7.9,0.2,-5.4,.430,.320,.313
LanceLynn2017,0.0,3.43,153,123,4.82,1.229,3.8,7.4,11,8,186.1,71,.223,.707,19.7,10.1,1.9,19.1,.395,.312,.248
GermanMarquez2017,0.0,4.39,147,115,4.40,1.377,2.7,8.2,11,7,162.0,79,.274,.806,21.0,7.0,0.5,6.9,.473,.332,.320
CarlosMartinez2017,0.0,3.64,217,116,3.91,1.220,3.1,9.5,12,11,205.0,83,.232,.694,25.3,8.3,1.5,14.5,.391,.302,.287
MattMoore2017,0.0,5.52,148,77,4.75,1.532,3.5,7.6,6,15,174.1,107,.283,.835,18.7,8.5,-2.6,-25.5,.486,.349,.323
JimmyNelson2017,1.0,3.49,199,126,3.05,1.249,2.5,10.2,12,6,175.1,68,.257,.689,27.3,6.6,1.9,15.9,.374,.315,.343
AaronNola2017,0.0,3.54,184,122,3.27,1.208,2.6,9.9,12,11,168.0,66,.241,.679,26.6,7.1,1.4,20.0,.383,.297,.311
RickyNolasco2017,0.0,4.92,143,86,5.10,1.453,2.9,7.1,6,15,181.0,99,.286,.849,18.2,7.4,-1.4,-10.4,.508,.341,.314
IvanNova2017,0.0,4.14,131,103,4.46,1.278,1.7,6.3,11,14,187.0,86,.277,.781,16.7,4.6,-0.2,-1.3,.464,.316,.303
LuisPerdomo2017,0.0,4.67,118,90,4.40,1.509,3.6,6.5,8,11,163.2,85,.285,.784,16.5,9.1,-1.4,-13.3,.426,.358,.327
MartinPerez2017,0.0,4.82,115,100,4.65,1.535,3.1,5.6,13,12,185.0,99,.301,.812,14.2,7.8,-0.1,-2.0,.453,.359,.330
DrewPomeranz2017,0.0,3.32,174,137,3.84,1.353,3.6,9.0,17,6,173.2,64,.252,.712,23.5,9.3,2.4,26.7,.388,.324,.311
RickPorcello2017,0.0,4.65,181,98,4.60,1.397,2.1,8.0,11,17,203.1,105,.286,.826,20.5,5.4,-1.0,-12.7,.498,.328,.324
JoseQuintana2017,0.0,4.15,207,105,3.68,1.224,2.9,9.9,11,11,188.2,87,.238,.701,26.2,7.7,-0.6,6.5,.396,.305,.301
RobbieRay2017,6.0,2.89,218,163,3.72,1.154,3.9,12.1,15,5,162.0,52,.199,.646,32.8,10.7,2.0,27.9,.356,.290,.270
ClaytonRichard2017,0.0,4.79,151,88,4.23,1.515,2.7,6.9,8,15,197.1,105,.308,.842,17.6,6.9,-1.3,-14.7,.482,.360,.354
TannerRoark2017,0.0,4.67,166,96,4.13,1.335,3.2,8.2,13,11,181.1,94,.254,.729,21.4,8.3,-1.4,-8.3,.408,.321,.302
ChrisSale2017,126.0,2.90,308,157,2.45,0.970,1.8,12.9,17,8,214.1,69,.208,.603,36.2,5.1,3.7,38.3,.349,.254,.303
JeffSamardzija2017,0.0,4.42,205,96,3.61,1.136,1.4,8.9,9,15,207.2,102,.255,.734,24.2,3.8,0.2,1.5,.447,.287,.305
ErvinSantana2017,3.0,3.28,167,135,4.46,1.126,2.6,7.1,16,8,211.1,77,.225,.678,19.3,7.1,2.6,26.9,.392,.286,.247
MaxScherzer2017,201.0,2.51,268,178,2.90,0.902,2.5,12.0,16,6,200.2,56,.178,.566,34.4,7.1,4.6,46.7,.319,.247,.248
LuisSeverino2017,73.0,2.98,230,152,3.08,1.040,2.4,10.7,14,6,193.1,64,.208,.603,29.4,6.5,3.1,32.4,.338,.266,.274
DanStraily2017,0.0,4.26,170,93,4.58,1.299,3.0,8.4,10,9,181.2,86,.256,.783,22.1,7.8,-0.2,-2.1,.466,.318,.294
StephenStrasburg2017,81.0,2.52,204,178,2.72,1.015,2.4,10.5,15,4,175.1,49,.204,.581,29.1,6.7,3.5,36.0,.317,.265,.276
MarcusStroman2017,2.0,3.09,164,145,3.90,1.308,2.8,7.3,13,9,201.0,69,.264,.715,19.7,7.4,2.2,25.4,.392,.323,.310
MasahiroTanaka2017,0.0,4.74,194,95,4.34,1.239,2.1,9.8,13,12,178.1,94,.257,.771,25.8,5.5,0.3,-4.3,.467,.304,.307
JulioTeheran2017,0.0,4.49,151,97,4.95,1.370,3.4,7.2,11,13,188.1,94,.257,.772,18.6,8.9,-0.4,-6.1,.443,.329,.285
JoseUrena2017,0.0,3.82,113,104,5.20,1.273,3.4,6.0,14,7,169.2,72,.238,.735,15.6,8.8,0.3,3.6,.415,.320,.251
JasonVargas2017,0.0,4.16,134,108,4.67,1.330,2.9,6.7,18,11,179.2,83,.264,.766,17.7,7.7,1.2,10.0,.442,.324,.291
JustinVerlander2017,32.0,3.36,219,131,3.84,1.175,3.1,9.6,15,8,206.0,77,.221,.660,25.8,8.5,3.1,30.4,.370,.290,.272
MichaelWacha2017,0.0,4.13,158,102,3.63,1.358,3.0,8.6,12,9,165.2,76,.267,.735,22.5,7.9,-0.6,2.3,.409,.327,.329
TylerAnderson2018,0.0,4.55,164,104,4.57,1.273,3.0,8.4,7,9,176.0,89,.248,.757,22.3,8.0,0.6,-0.8,.448,.309,.282
JakeArrieta2018,0.0,3.96,138,104,4.25,1.286,3.0,7.2,10,11,172.2,76,.254,.724,19.1,7.9,-0.3,-8.7,.407,.318,.289
TrevorBauer2018,13.0,2.21,221,196,2.44,1.089,2.9,11.3,12,6,175.1,43,.208,.582,30.8,8.0,3.7,39.8,.302,.280,.299
JoseBerrios2018,0.0,3.84,202,111,3.90,1.144,2.9,9.5,12,11,192.1,82,.222,.665,25.4,7.7,1.6,18.2,.372,.293,.271
MatthewBoyd2018,0.0,4.39,159,102,4.45,1.157,2.7,8.4,9,13,170.1,83,.228,.704,22.4,7.2,0.0,0.7,.410,.294,.259
DylanBundy2018,0.0,5.45,184,78,5.17,1.410,2.8,9.6,8,16,171.2,104,.274,.855,24.5,7.2,-1.6,-27.2,.523,.332,.318
CarlosCarrasco2018,0.0,3.38,231,128,2.94,1.125,2.0,10.8,17,10,192.0,72,.238,.669,29.5,5.5,2.0,22.3,.384,.285,.317
LuisCastillo2018,0.0,4.30,165,97,4.32,1.220,2.6,8.8,10,12,169.2,81,.245,.732,23.3,6.9,-0.8,-7.2,.431,.301,.284
JhoulysChacin2018,0.0,3.50,156,116,4.03,1.163,3.3,7.3,15,8,192.2,75,.220,.655,19.6,8.9,1.6,12.6,.357,.298,.254
MikeClevinger2018,0.0,3.02,207,143,3.52,1.155,3.0,9.3,13,8,200.0,67,.223,.655,25.6,8.3,2.4,35.9,.365,.290,.280
GerritCole2018,26.0,2.88,276,144,2.70,1.033,2.9,12.4,15,5,200.1,64,.198,.600,34.5,8.0,3.2,36.3,.332,.269,.288
PatrickCorbin2018,23.0,3.15,246,133,2.47,1.050,2.2,11.1,11,7,200.0,70,.218,.607,30.8,6.0,2.8,27.7,.337,.270,.304
JacobdeGrom2018,207.0,1.70,269,218,1.98,0.912,1.9,11.2,10,9,217.0,41,.196,.521,32.2,5.5,6.1,54.8,.277,.244,.283
MikeFiers2018,0.0,3.56,139,124,4.75,1.180,1.9,7.3,12,8,172.0,68,.249,.746,19.5,5.2,1.7,16.2,.450,.296,.270
MikeFoltynewicz2018,3.0,2.85,202,143,3.37,1.082,3.3,9.9,13,10,183.0,58,.195,.600,27.2,9.1,2.5,25.0,.324,.275,.252
KyleFreeland2018,49.0,2.85,173,166,3.67,1.245,3.1,7.7,17,7,202.1,64,.240,.666,20.5,8.3,3.8,41.6,.358,.308,.288
KevinGausman2018,0.0,3.92,148,108,4.32,1.301,2.5,7.3,10,11,183.2,80,.264,.753,19.1,6.4,0.4,3.0,.436,.317,.299
KyleGibson2018,0.0,3.62,179,118,4.13,1.302,3.6,8.2,10,13,196.2,79,.241,.701,21.7,9.6,1.4,16.9,.385,.316,.286
LucasGiolito2018,0.0,6.13,125,69,5.56,1.477,4.7,6.5,10,13,173.1,118,.250,.794,16.1,11.6,-2.9,-35.3,.444,.350,.269
ZackGodley2018,0.0,4.74,185,89,3.82,1.447,4.1,9.3,15,11,178.1,94,.260,.733,23.4,10.2,-0.9,-10.4,.389,.345,.329
MarcoGonzales2018,0.0,4.00,145,102,3.43,1.224,1.7,7.8,13,9,166.2,74,.267,.720,21.1,4.7,1.4,7.0,.414,.307,.320
GioGonzalez2018,0.0,4.21,148,100,4.16,1.444,4.2,7.8,10,11,171.0,80,.256,.734,19.8,10.7,0.0,1.4,.399,.335,.302
JonGray2018,0.0,5.12,183,92,4.08,1.346,2.7,9.6,12,9,172.1,98,.266,.773,24.6,7.0,-1.8,-13.8,.451,.322,.326
ZackGreinke2018,0.0,3.21,199,131,3.70,1.079,1.9,8.6,15,11,207.2,74,.231,.665,23.7,5.1,1.8,26.3,.390,.275,.273
ColeHamels2018,0.0,3.78,188,120,4.49,1.264,3.1,8.9,9,12,190.2,80,.246,.746,23.3,8.1,0.6,4.9,.422,.324,.293
JAHapp2018,0.0,3.65,193,116,3.98,1.131,2.6,9.8,17,6,177.2,72,.225,.677,26.3,7.0,1.5,10.6,.389,.288,.273
AndrewHeaney2018,0.0,4.15,180,101,3.99,1.200,2.3,9.0,9,10,180.0,83,.248,.719,24.0,6.0,0.6,-2.2,.419,.300,.296
KyleHendricks2018,0.0,3.44,161,121,3.78,1.146,2.0,7.3,14,11,199.0,76,.247,.685,19.8,5.4,1.2,17.2,.391,.294,.285
DerekHolland2018,0.0,3.57,169,106,3.87,1.290,3.5,8.9,7,9,171.1,68,.241,.718,23.3,9.2,-0.1,4.9,.405,.313,.294
JakobJunis2018,0.0,4.37,164,99,4.64,1.271,2.2,8.3,9,12,177.0,86,.265,.773,21.6,5.7,0.0,-1.4,.455,.318,.300
DallasKeuchel2018,0.0,3.74,153,111,3.69,1.314,2.6,6.7,12,11,204.2,85,.263,.704,17.5,6.6,0.7,9.7,.393,.311,.302
CoreyKluber2018,71.0,2.89,222,150,3.12,0.991,1.4,9.3,20,7,215.0,69,.223,.624,26.4,4.0,3.7,34.8,.367,.257,.277
MikeLeake2018,0.0,4.36,119,93,4.13,1.298,1.6,5.8,10,10,185.2,90,.280,.762,15.2,4.3,-0.7,-7.0,.447,.316,.307
WadeLeBlanc2018,0.0,3.72,130,109,4.28,1.179,2.2,7.2,9,5,162.0,67,.246,.712,19.6,6.0,1.4,9.5,.419,.293,.274
JonLester2018,2.0,3.32,149,125,4.39,1.310,3.2,7.4,18,6,181.2,67,.256,.733,19.6,8.4,1.8,15.5,.410,.324,.294
ReynaldoLopez2018,0.0,3.91,151,108,4.63,1.272,3.6,7.2,7,10,188.2,82,.234,.713,18.9,9.4,1.7,9.2,.400,.313,.260
GermanMarquez2018,0.0,3.77,230,125,3.40,1.204,2.6,10.6,14,11,196.0,82,.241,.698,28.2,7.0,1.4,11.9,.398,.300,.314
MilesMikolas2018,13.0,2.83,146,137,3.28,1.071,1.3,6.5,18,4,200.2,63,.245,.628,18.1,3.6,2.8,26.0,.350,.278,.282
CharlieMorton2018,0.0,3.13,201,133,3.59,1.162,3.4,10.8,15,3,167.0,58,.213,.659,28.9,9.2,3.0,22.6,.356,.303,.284
SeanNewcomb2018,0.0,3.90,160,105,4.14,1.329,4.4,8.8,12,9,164.0,71,.226,.679,23.0,11.6,1.0,6.9,.362,.316,.275
AaronNola2018,86.0,2.37,224,173,3.01,0.975,2.5,9.5,17,6,212.1,56,.197,.570,27.0,7.0,5.1,46.2,.311,.259,.254
JakeOdorizzi2018,0.0,4.49,162,95,4.19,1.345,3.8,8.9,7,10,164.1,82,.242,.743,22.8,9.9,-0.2,-4.7,.419,.324,.293
NickPivetta2018,0.0,4.77,188,86,3.79,1.305,2.8,10.3,7,14,164.0,87,.261,.743,27.1,7.4,-0.2,-6.7,.423,.320,.333
RickPorcello2018,0.0,4.28,190,103,4.01,1.176,2.3,8.9,17,7,191.1,91,.241,.698,23.5,5.9,-0.4,2.4,.399,.299,.286
DavidPrice2018,0.0,3.58,177,123,4.02,1.142,2.6,9.1,16,7,176.0,70,.230,.691,24.5,6.9,2.7,21.7,.399,.293,.275
JoseQuintana2018,0.0,4.03,158,103,4.43,1.319,3.5,8.2,13,11,174.1,78,.246,.737,21.4,9.2,0.8,7.3,.418,.319,.287
TannerRoark2018,0.0,4.34,146,98,4.27,1.281,2.5,7.3,9,15,180.1,87,.262,.741,19.2,6.6,-1.5,-3.2,.422,.319,.298
MaxScherzer2018,123.0,2.53,300,168,2.65,0.911,2.1,12.2,18,7,220.2,62,.188,.580,34.6,5.9,5.0,45.1,.332,.247,.267
LuisSeverino2018,1.0,3.39,220,124,2.95,1.145,2.2,10.3,19,8,191.1,72,.238,.666,28.2,5.9,1.6,23.3,.379,.288,.315
JamesShields2018,0.0,4.53,154,93,5.09,1.309,3.4,6.8,7,16,204.2,103,.245,.754,17.7,9.0,-1.1,-11.6,.435,.319,.263
BlakeSnell2018,169.0,1.89,221,217,2.94,0.974,3.2,11.0,21,5,180.2,38,.178,.554,31.6,9.1,5.1,48.4,.300,.254,.242
JamesonTaillon2018,0.0,3.20,179,122,3.46,1.178,2.2,8.4,14,10,191.0,68,.246,.681,22.8,5.9,2.5,25.9,.385,.296,.300
JulioTeheran2018,0.0,3.94,162,103,4.83,1.173,4.3,8.3,9,9,175.2,77,.196,.672,22.4,11.6,0.8,4.8,.374,.298,.218
JoseUrena2018,0.0,3.98,130,96,4.17,1.184,2.6,6.7,9,12,174.0,77,.242,.690,18.3,7.2,-0.2,2.4,.381,.308,.275
JustinVerlander2018,154.0,2.52,290,164,2.78,0.902,1.6,12.2,16,9,214.0,60,.200,.602,34.8,4.4,5.1,44.9,.360,.242,.274
ZackWheeler2018,0.0,3.31,179,112,3.25,1.124,2.7,8.8,12,7,182.1,67,.225,.611,24.1,7.4,2.5,17.1,.320,.291,.284
TrevorWilliams2018,0.0,3.11,126,126,3.86,1.178,2.9,6.6,14,10,170.2,59,.231,.659,18.0,7.9,1.6,16.0,.364,.295,.265
